system_time_ns,unity_realtime_s,pos_mm_x,pos_mm_y,pos_mm_z,rot_q_x,rot_q_y,rot_q_z,rot_q_w,joint_rad_0,joint_rad_1,joint_rad_2,gimbal_rad_0,gimbal_rad_1,gimbal_rad_2,force_N_x,force_N_y,force_N_z,is_holding,held_ring_id,event_code,fps,dt_frame_s
34851100,65.340093199993134,0,0,0,0,0,0,1,0,0.268889546,-0.370812863,-0.00116796058,0.7959978,0.05508029,0,0,0,0,-1,0,0,0
35769000,65.341011600001366,0,0,0,-0.210901275,0.006297289,0.0272383057,0.9771076,0,0.268889546,-0.370812863,-0.00116796058,0.7959978,0.05508029,0,0,0,0,-1,0,1089.44324,0.0009179
65355100,65.370597300003283,0,-65.51071,-88.1142,-0.210901275,0.006297289,0.0272383057,0.9771076,0,0.268889546,-0.370812863,-0.00116796058,0.7959978,0.05508029,0,0,0,0,-1,0,1036.661,0.0295861
66108900,65.371351599998889,0,-65.51071,-88.1142,-0.210901275,0.006297289,0.0272383057,0.9771076,0,0.268889546,-0.370812863,-0.00116796058,0.7959978,0.05508029,0,0,0,0,-1,0,1051.15857,0.0007538
106665300,65.411907599991537,0,-65.51071,-88.1142,-0.210901275,0.006297289,0.0272383057,0.9771076,0,0.268889546,-0.370812863,-0.00116796058,0.7959978,0.05508029,0,0,0,0,-1,0,999.8335,0.0405564
120920000,65.4261625999934,0,-65.51071,-88.1142,-0.210901275,0.006297289,0.0272383057,0.9771076,0,0.268889546,-0.370812863,-0.00116796058,0.7959978,0.05508029,0,0,0,0,-1,0,953.3494,0.0142547
121545000,65.426787699994748,0,-65.51071,-88.1142,-0.210901275,0.006297289,0.0272383057,0.9771076,0,0.268889546,-0.370812863,-0.00116796058,0.7959978,0.05508029,0,0,0,0,-1,0,985.681946,0.000625
149817700,65.455059999992955,0,-65.51071,-88.1142,-0.210901275,0.006297289,0.0272383057,0.9771076,0,0.268889546,-0.370812863,0.000110408779,0.7959978,0.05508029,0,0,0,0,-1,0,938.1663,0.0282727
150523800,65.455766500002937,0,-65.51071,-88.1142,-0.210916,0.00576403225,0.0268863365,0.97711736,0,0.268889546,-0.370812863,-0.00116796058,0.7959978,0.05508029,0,0,0,0,-1,0,962.0695,0.00070610000000000009
175627800,65.480869999999413,0,-65.51071,-88.1142,-0.210901275,0.006297289,0.0272383057,0.9771076,0,0.268889546,-0.370812863,-0.00116796058,0.7959978,0.05508029,0,0,0,0,-1,0,915.957764,0.025104
202619200,65.507860999990953,0,-65.51071,-88.1142,-0.210901275,0.006297289,0.0272383057,0.9771076,0,0.268889546,-0.370812863,-0.00116796058,0.7959978,0.05508029,0,0,0,0,-1,0,872.0123,0.026991400000000002
203274900,65.508517599999323,0,-65.51071,-88.1142,-0.210901275,0.006297289,0.0272383057,0.9771076,0,0.268889546,-0.370812863,-0.00116796058,0.7959978,0.05380192,0,0,0,0,-1,0,904.6661,0.00065570000000000005
237531300,65.542773299996043,0,-65.51071,-88.1142,-0.210905254,0.006162481,0.026613744,0.9771247,0,0.268889546,-0.370812863,-0.00116796058,0.7959978,0.05508029,0,0,0,0,-1,0,860.892334,0.0342564
238427700,65.543669999999111,0,-65.51071,-88.1142,-0.210901275,0.006297289,0.0272383057,0.9771076,0,0.268889546,-0.370812863,-0.00116796058,0.7959978,0.05508029,0,0,0,0,-1,0,873.6264,0.0008964000000000001
258885200,65.564127299992833,0,-65.51071,-88.1142,-0.210901275,0.006297289,0.0272383057,0.9771076,0,0.268889546,-0.370812863,-0.00116796058,0.7959978,0.05508029,0,0,0,0,-1,0,832.38916,0.0204575
285752100,65.5909943000006,0,-65.51071,-88.1142,-0.210901275,0.006297289,0.0272383057,0.9771076,0,0.268889546,-0.370812863,-0.00116796058,0.7959978,0.05508029,0,0,0,0,-1,0,792.630737,0.026866900000000003
286432400,65.591675100004068,0,-65.51071,-88.1142,-0.210901275,0.006297289,0.0272383057,0.9771076,0,0.268889546,-0.370812863,-0.00116796058,0.7959978,0.05508029,0,0,0,0,-1,0,826.4962,0.0006803
313439900,65.618682000000263,0,-65.51071,-88.1142,-0.210901275,0.006297289,0.0272383057,0.9771076,0,0.268889546,-0.370812863,-0.00116796058,0.7959978,0.05508029,0,0,0,0,-1,0,787.022766,0.0270075
314261800,65.619504399990547,0,-65.51071,-88.1142,-0.210901275,0.006297289,0.0272383057,0.9771076,0,0.268889546,-0.370812863,-0.00116796058,0.7959978,0.05508029,0,0,0,0,-1,0,808.5063,0.00082190000000000008
339979000,65.645221099999617,0,-65.51071,-88.1142,-0.210901275,0.006297289,0.0272383057,0.9771076,0,0.268889546,-0.370812863,-0.00116796058,0.7959978,0.05508029,0,0,0,0,-1,0,770.0252,0.025717200000000003
367296400,65.672537899998133,0,-65.51071,-88.1142,-0.210901275,0.006297289,0.0272383057,0.9771076,0,0.268889546,-0.370812863,-0.00116796058,0.7959978,0.05508029,0,0,0,0,-1,0,733.3543,0.027317400000000002
368071300,65.673313799998141,0,-65.51071,-88.1142,-0.210901275,0.006297289,0.0272383057,0.9771076,0,0.268889546,-0.370812863,-0.00116796058,0.7959978,0.05508029,0,0,0,0,-1,0,761.21106,0.0007749
396277200,65.7015190999955,0,-65.51071,-88.1142,-0.210901275,0.006297289,0.0272383057,0.9771076,0,0.268889546,-0.370812863,-0.00116796058,0.7959978,0.05508029,0,0,0,0,-1,0,724.923157,0.028205900000000002
397081200,65.702323699995759,0,-65.51071,-88.1142,-0.210901275,0.006297289,0.0272383057,0.9771076,0,0.268889546,-0.370812863,-0.00116796058,0.7959978,0.05508029,0,0,0,0,-1,0,750.866,0.000804
428941100,65.734183399996255,0,-65.51071,-88.1142,-0.210901275,0.006297289,0.0272383057,0.9771076,0,0.268889546,-0.370812863,-0.00116796058,0.7959978,0.05508029,0,0,0,0,-1,0,714.8921,0.031859900000000003
456191700,65.761433799998485,0,-65.51071,-88.1142,-0.210901275,0.006297289,0.0272383057,0.9771076,0,0.268889546,-0.370812863,-0.00116796058,0.7959978,0.05508029,0,0,0,0,-1,0,680.9823,0.027250600000000003
456918600,65.76216129999375,0,-65.51071,-88.1142,-0.210901275,0.006297289,0.0272383057,0.9771076,0,0.268889546,-0.370812863,-0.00116796058,0.7959978,0.05508029,0,0,0,0,-1,0,715.718445,0.0007269
492503100,65.797745399991982,0,-65.51071,-88.1142,-0.210901275,0.006297289,0.0272383057,0.9771076,0,0.268889546,-0.370812863,-0.00116796058,0.7959978,0.05508029,0,0,0,0,-1,0,681.337646,0.035584500000000005
493213500,65.798456199991051,0,-65.51071,-88.1142,-0.210901275,0.006297289,0.0272383057,0.9771076,0,0.268889546,-0.370812863,-0.00116796058,0.7959978,0.05508029,0,0,0,0,-1,0,717.6536,0.0007104
530860300,65.8361023000034,0,-65.51071,-88.1142,-0.210901275,0.006297289,0.0272383057,0.9771076,0,0.268889546,-0.370812863,-0.00116796058,0.7959978,0.05380192,0,0,0,0,-1,0,683.09906,0.0376468
565691000,65.870933199999854,0,-65.51071,-88.1142,-0.210905254,0.006162481,0.026613744,0.9771247,0,0.268889546,-0.370812863,-0.00116796058,0.7959978,0.05380192,0,0,0,0,-1,0,650.379639,0.0348307
566380900,65.871623600003659,0,-65.51071,-88.1142,-0.210905254,0.006162481,0.026613744,0.9771247,0,0.268889546,-0.370812863,-0.00116796058,0.7959978,0.05380192,0,0,0,0,-1,0,690.334961,0.0006899
591478400,65.896720499993535,0,-65.51071,-88.1142,-0.210905254,0.006162481,0.026613744,0.9771247,0,0.268889546,-0.370812863,0.000110408779,0.7959978,0.05508029,0,0,0,0,-1,0,657.8104,0.025097500000000002
592290900,65.897533499999554,0,-65.51071,-88.1142,-0.210916,0.00576403225,0.0268863365,0.97711736,0,0.268889546,-0.370812863,0.000110408779,0.7959978,0.05508029,0,0,0,0,-1,0,686.4584,0.00081250000000000007
625789300,65.931031500003883,0,-65.51071,-88.1142,-0.210916,0.00576403225,0.0268863365,0.97711736,0,0.268889546,-0.370812863,0.000110408779,0.7959978,0.0525235534,0,0,0,0,-1,0,653.628052,0.033498400000000005
663702600,65.968944399995962,0,-65.45826,-88.12866,-0.210923135,0.00549440132,0.0256372076,0.9771509,0,0.26929757,-0.370812863,0.00266714743,0.7959978,0.0525235534,0,0,0,0,-1,0,622.265442,0.037913300000000004
664516900,65.9697593000019,-0.0329869241,-65.45826,-88.12867,-0.210951015,0.00442784838,0.0249332134,0.9771686,-0.000411198882,0.26929757,-0.370812863,0.00266714743,0.7959978,0.0512451828,0,0,0,0,-1,0,652.5546,0.0008143
699010100,66.0042523000011,-0.164934516,-65.45826,-88.12883,-0.210958779,0.0040921024,0.0242652446,0.97718513,-0.00205599447,0.26929757,-0.370812863,0.0116157327,0.7998329,0.0512451828,0,0,0,0,-1,0,621.376465,0.0344932
699690900,66.004933699994581,-0.164934516,-65.45826,-88.12883,-0.212941572,-0.000390052242,0.021605704,0.976825953,-0.00205599447,0.26929757,-0.370812863,0.0116157327,0.7998329,0.0512451828,0,0,0,0,-1,0,663.7507,0.00068080000000000007
720624100,66.025866199997836,-0.164904729,-65.4058151,-88.14332,-0.212941572,-0.000390052242,0.021605704,0.976825953,-0.00205599447,0.2697056,-0.370812863,0.0154508408,0.8011112,0.0422965959,0,0,0,0,-1,0,632.95166,0.020933200000000002
759536700,66.06477859998995,-0.165053308,-65.34028,-88.0710449,-0.213592,-0.00292475312,0.0161678325,0.976784766,-0.00205599447,0.270521641,-0.3699979,0.01672921,0.8011112,-0.0203435011,0,0,0,0,-1,0,602.589,0.038912600000000006
760309800,66.065552200001548,-0.165053308,-65.34028,-88.0710449,-0.213786781,-0.0101502677,-0.01477811,0.9767158,-0.00205599447,0.270521641,-0.3699979,0.01672921,0.8011112,-0.02162187,0,0,0,0,-1,0,637.1342,0.00077310000000000009
797404300,66.102646500003175,0.06606303,-65.35992,-88.02024,-0.213780209,-0.010286917,-0.0154024139,0.976706266,0.000822397764,0.270521641,-0.3695904,0.010337363,0.7985545,-0.109829351,0,0,0,0,-1,0,606.6254,0.0370945
798133200,66.103375899998355,0.06606303,-65.35992,-88.02024,-0.212304309,-0.0155863054,-0.0563872643,0.9754509,0.000822397764,0.270521641,-0.3695904,0.009058994,0.7985545,-0.112386093,0,0,0,0,-1,0,644.8907,0.0007289000000000001
832533700,66.13777570000093,0.0661047,-65.37954,-87.96957,-0.212314591,-0.015325346,-0.05728247,0.9754007,0.000822397764,0.270521641,-0.3691829,0.00650225533,0.7959978,-0.191645,0,0,0,0,-1,0,614.0996,0.0344005
857456100,66.162698300002376,0.0661047,-65.37954,-87.96957,-0.210597947,-0.02256563,-0.09519895,0.9726646,0.000822397764,0.270521641,-0.3691829,0.005223886,0.7947194,-0.224882588,0,0,0,0,-1,0,585.4009,0.0249224
858115900,66.163358599995263,0.0661047,-65.37954,-87.96957,-0.209633127,-0.0254626516,-0.111014366,0.9711238,0.000822397764,0.270521641,-0.3691829,0.005223886,0.7959978,-0.226160958,0,0,0,0,-1,0,631.9114,0.0006598
892283300,66.197525499999756,0.0661047,-65.37954,-87.96957,-0.210237637,-0.025666276,-0.11162091,0.970918238,0.000822397764,0.270521641,-0.3691829,0.003945517,0.7947194,-0.241501391,0,0,0,0,-1,0,601.7792,0.0341674
892934500,66.19817730000068,0.0661047,-65.37954,-87.96957,-0.209478825,-0.02667362,-0.118731268,0.9702114,0.000822397764,0.270521641,-0.3691829,0.003945517,0.7947194,-0.241501391,0,0,0,0,-1,0,648.471558,0.0006512
950434000,66.255676400003722,0.0330523551,-65.37954,-87.96954,-0.209478825,-0.02667362,-0.118731268,0.9702114,0.000411198882,0.270521641,-0.3691829,0.00266714743,0.793441057,-0.253006727,0,0,0,0,-1,0,616.917542,0.0574995
974566100,66.279808299994329,0.0330523551,-65.37954,-87.96954,-0.208743975,-0.0274694823,-0.12402162,0.9696855,0.000411198882,0.270521641,-0.3691829,0.00266714743,0.793441057,-0.2709039,0,0,0,0,-1,0,588.1436,0.0241321
975354900,66.280597499993746,0.0330523551,-65.37954,-87.96954,-0.208489776,-0.0293363072,-0.1326938,0.9685369,0.000411198882,0.270521641,-0.3691829,0.00266714743,0.793441057,-0.2709039,0,0,0,0,-1,0,622.12384,0.00078880000000000009
1012616500,66.317858599999454,0.0330523551,-65.37954,-87.96954,-0.208489776,-0.0293363072,-0.1326938,0.9685369,0.000411198882,0.270521641,-0.3691829,0.00266714743,0.793441057,-0.311811715,0,0,0,0,-1,0,592.3595,0.0372616
1013509800,66.318752199993469,0.0330523551,-65.37954,-87.96954,-0.207846344,-0.0335943326,-0.152475074,0.9656204,0.000411198882,0.270521641,-0.3691829,0.00266714743,0.793441057,-0.313090116,0,0,0,0,-1,0,618.713745,0.00089330000000000008
1052360200,66.357602499992936,0.03305833,-65.43197,-87.95502,-0.207824752,-0.03372716,-0.15309222,0.965522766,0.000411198882,0.270113617,-0.3691829,0.00266714743,0.792162657,-0.36806,0,0,0,0,-1,0,589.065063,0.0388504
1085495700,66.390738000001875,0.03305833,-65.43197,-87.95502,-0.206204981,-0.03931184,-0.179592445,0.9610831,0.000411198882,0.270113617,-0.3691829,0.00266714743,0.792162657,-0.407689422,0,0,0,0,-1,0,561.1208,0.033135500000000005
1086295700,66.39153819999774,0.03305833,-65.43197,-87.95502,-0.205385551,-0.04338974,-0.198599547,0.957336068,0.000411198882,0.270113617,-0.3691829,0.00266714743,0.792162657,-0.4089678,0,0,0,0,-1,0,595.564758,0.0008
1123573100,66.428815299994312,0.06611665,-65.43197,-87.95504,-0.205357775,-0.043521028,-0.199211374,0.957209,0.000822397764,0.270113617,-0.3691829,0.00266714743,0.792162657,-0.461380929,0,0,0,0,-1,0,567.1278,0.0372774
1124354700,66.429597399997874,0.06611665,-65.43197,-87.95504,-0.2041929,-0.0486915074,-0.224183276,0.9516702,0.000822397764,0.270113617,-0.3691829,0.003945517,0.792162657,-0.4626593,0,0,0,0,-1,0,602.742737,0.0007816
1144044400,66.449286699993536,0.03305833,-65.43197,-87.95502,-0.204039127,-0.0493421927,-0.225132719,0.9514455,0.000411198882,0.270113617,-0.3691829,0.003945517,0.792162657,-0.4920618,0,0,0,0,-1,0,575.145,0.0196897
1184186100,66.489428300003055,-0.132209361,-65.37954,-87.96965,-0.20324257,-0.0525312833,-0.239137083,0.9480224,-0.00164479553,0.270521641,-0.3691829,0.003945517,0.793441057,-0.530412853,0,0,0,0,-1,0,547.633362,0.0401417
1185051800,66.490294299990637,-0.132209361,-65.37954,-87.96965,-0.202536717,-0.0575513467,-0.257444918,0.943074167,-0.00164479553,0.270521641,-0.3691829,0.003945517,0.793441057,-0.531691253,0,0,0,0,-1,0,578.0084,0.00086570000000000006
1215707900,66.520950099991751,-0.2643705,-65.32711,-87.98453,-0.2024998,-0.0576807931,-0.258047581,0.9429095,-0.003289591,0.270929664,-0.3691829,0.007780625,0.793441057,-0.558537,0,0,0,0,-1,0,550.739,0.030656100000000002
1216489900,66.521732399996836,-0.2643705,-65.32711,-87.98453,-0.201040089,-0.0627058,-0.271856278,0.9390128,-0.003289591,0.270929664,-0.3691829,0.007780625,0.793441057,-0.558537,0,0,0,0,-1,0,587.1407,0.000782
1244459600,66.5496967999934,-0.429366767,-65.16986,-88.02902,-0.201040089,-0.0627058,-0.271856278,0.9390128,-0.00534558576,0.272153765,-0.3691829,0.0141724711,0.797276139,-0.5841044,0,0,0,0,-1,0,559.5713,0.0279697
1288672700,66.593914899989613,-0.401846021,-64.00838,-86.91277,-0.200950444,-0.06931907,-0.28561604,0.9344717,-0.004934387,0.286026657,-0.356143326,0.0243994258,0.808781445,-0.6122285,0,0,0,0,-1,0,532.723633,0.044213100000000005
1289506600,66.594749099996989,-0.368611157,-63.8896523,-86.85689,-0.2101334,-0.07961816,-0.30056715,0.9269111,-0.004523188,0.287250727,-0.355328351,0.0243994258,0.810059845,-0.6122285,0,0,0,0,-1,0,566.0467,0.0008339
1319890000,66.625132000001031,0.274123132,-62.7428932,-85.0198441,-0.21116823,-0.07973291,-0.300457478,0.926701665,0.003289591,0.304387867,-0.334546536,0.0205643177,0.7883276,-0.576434135,0,0,0,0,-1,0,539.39,0.0303834
1320641300,66.625883999993675,0.274468929,-62.6407547,-84.91473,-0.213648692,-0.0707474,-0.281840861,0.9326922,0.003289591,0.304387867,-0.334546536,0.0205643177,0.7883276,-0.576434135,0,0,0,0,-1,0,578.9718,0.0007513
1349714100,66.654956099999254,0.356009454,-60.4485245,-81.77208,-0.213648692,-0.0707474,-0.281840861,0.9326922,0.004111989,0.332949728,-0.300317675,0.03973986,0.775543869,-0.524021,0,0,0,0,-1,0,551.743042,0.029072800000000003
1381848800,66.687090999999782,0.43985945,-58.500782,-79.20905,-0.223422855,-0.07551361,-0.261069059,0.9360678,0.004934387,0.3570233,-0.2717936,0.05508029,0.755089939,-0.4882267,0,0,0,0,-1,0,525.711853,0.0321347
1382550500,66.687793199991575,0.4402822,-58.4789429,-79.12338,-0.22693333,-0.07877581,-0.247149825,0.9387292,0.004934387,0.357431322,-0.27097863,0.05508029,0.755089939,-0.4869483,0,0,0,0,-1,0,570.681763,0.00070170000000000009
1422646800,66.7278890000016,0.6402741,-57.141922,-76.7579041,-0.227366045,-0.0787316561,-0.246515691,0.938795,0.006990381,0.3749765,-0.246121943,0.0678639859,0.7180173,-0.477999717,0,0,0,0,-1,0,543.394653,0.0400963
1423330300,66.728573000000324,0.64073205,-57.067112,-76.69239,-0.220729247,-0.0812249258,-0.2445507,0.9406785,0.006990381,0.3757925,-0.245306969,0.0678639859,0.7167389,-0.4792781,0,0,0,0,-1,0,589.3778,0.00068350000000000008
1452928500,66.75817059999099,0.5471867,-54.93406,-73.3003,-0.220454544,-0.08132835,-0.245135024,0.9405819,0.005756784,0.401906222,-0.209040657,0.0665856153,0.666882455,-0.507402241,0,0,0,0,-1,0,561.5982,0.0295982
1482390500,66.7876324999961,0.567810237,-53.2999763,-69.717865,-0.212716728,-0.0834022,-0.25735867,0.938915431,0.005756784,0.422715575,-0.173181832,0.0576370321,0.6055207,-0.5534235,0,0,0,0,-1,0,535.2154,0.029462000000000002
1483271100,66.788513199993758,0.568606138,-53.27835,-69.5796051,-0.199759141,-0.08152175,-0.2766727,0.9364308,0.005756784,0.4231236,-0.171959385,0.0576370321,0.602964,-0.554701865,0,0,0,0,-1,0,565.2341,0.0008806
1523920200,66.829162599999108,1.25074,-52.84137,-63.4690666,-0.1990748,-0.08149044,-0.277263582,0.9364046,0.0119247679,0.4349564,-0.120616049,0.03462638,0.5275402,-0.6083934,0,0,0,0,-1,0,538.2024,0.0406491
1524592500,66.829835199998342,1.25074,-52.84137,-63.4690666,-0.189616442,-0.0706093758,-0.297438979,0.933054149,0.0119247679,0.4349564,-0.120616049,0.03462638,0.5275402,-0.6083934,0,0,0,0,-1,0,585.6638,0.0006723
1550536200,66.855778099998133,2.11443329,-52.1771622,-58.956852,-0.189616442,-0.0706093758,-0.297438979,0.933054149,0.0193263479,0.444749027,-0.08231231,0.028234534,0.495580971,-0.609671831,0,0,0,0,-1,0,558.307861,0.0259437
1582709400,66.887951600001543,2.99761462,-49.75633,-52.6625748,-0.194493622,-0.06546739,-0.295693934,0.9329799,0.02590553,0.468414545,-0.0244492,0.04101823,0.458508253,-0.58538276,0,0,0,0,-1,0,531.946533,0.0321732
1583446500,66.888689200000954,3.00414634,-49.6182976,-52.4105,-0.204076082,-0.06908532,-0.283778667,0.9343714,0.02590553,0.469638646,-0.02200428,0.04101823,0.457229882,-0.5841044,0,0,0,0,-1,0,573.1826,0.00073710000000000008
1609985400,66.9152272999927,3.12155533,-46.5641937,-45.9353752,-0.204661846,-0.06912896,-0.283102661,0.934445,0.0254943315,0.4949363,0.03830374,0.0589154,0.416322082,-0.544474959,0,0,0,0,-1,0,546.407532,0.0265389
1610821700,66.916064199991524,3.12155533,-46.5641937,-45.9353752,-0.212576717,-0.07648911,-0.2644985,0.9375506,0.0254943315,0.4949363,0.03830374,0.0589154,0.416322082,-0.544474959,0,0,0,0,-1,0,578.8743,0.0008363
1643921400,66.949163400000543,3.278697,-42.4633942,-37.664196,-0.212576717,-0.07648911,-0.2644985,0.9375506,0.0250831321,0.5234982,0.114503749,0.08320442,0.356238753,-0.4869483,0,0,0,0,-1,0,551.4412,0.0330997
1681557700,66.986799799997243,3.53469586,-37.5878334,-27.4603176,-0.219158486,-0.08442235,-0.23636274,0.9428548,0.0250831321,0.5492038,0.205373272,0.117720388,0.287206769,-0.393627346,0,0,0,0,-1,0,525.1977,0.037636300000000004
1682372500,66.98761499999091,3.54198647,-37.4745522,-27.1697235,-0.229579121,-0.09332544,-0.188811719,0.950228333,0.0250831321,0.549611866,0.2078182,0.118998758,0.284650028,-0.391070634,0,0,0,0,-1,0,560.302551,0.00081480000000000007
1717083500,67.022325700003421,3.70357132,-30.9697971,-18.267725,-0.229509726,-0.0936507359,-0.187474623,0.9504779,0.0246719327,0.581845939,0.294612855,0.153514728,0.224566683,-0.2951929,0,0,0,0,-1,0,533.7279,0.034711
1717830600,67.023073299991665,3.70357132,-30.9697971,-18.267725,-0.243572712,-0.101667404,-0.13606526,0.9548939,0.0246719327,0.58307004,0.297057778,0.153514728,0.223288313,-0.2939145,0,0,0,0,-1,0,573.967,0.0007471
1754720500,67.059962200000882,3.23364878,-22.3491974,-11.0931044,-0.2441923,-0.101590462,-0.135285035,0.954854667,0.0205599442,0.6267289,0.3785551,0.176525384,0.137637556,-0.235109553,0,0,0,0,-1,0,546.624,0.0368899
1776773900,67.0820160000003,2.85113144,-16.6267357,-7.11787748,-0.243268922,-0.106873348,-0.0999431238,0.9588586,0.0176815521,0.6552908,0.429490924,0.182917222,0.0775542,-0.215934008,0,0,0,0,-1,0,521.560059,0.0220534
1777493000,67.082735699994373,2.85606861,-16.3816013,-6.83867455,-0.2393918,-0.107818983,-0.0858684257,0.961089551,0.0176815521,0.6561068,0.432343334,0.182917222,0.0762758255,-0.214655638,0,0,0,0,-1,0,565.0134,0.00071910000000000008
1815685900,67.120928199990885,3.281245,-4.983538,1.40978026,-0.2402166,-0.107715741,-0.0850417241,0.960968852,0.0193263479,0.7038459,0.536252439,0.189309075,-0.0336639322,-0.196758464,0,0,0,0,-1,0,538.0719,0.0381929
1816337500,67.1215802999941,3.28461432,-4.692245,1.584097,-0.238087535,-0.105274148,-0.06597138,0.963265061,0.0193263479,0.70507,0.538697362,0.189309075,-0.03749904,-0.196758464,0,0,0,0,-1,0,587.9025,0.0006516
1848415500,67.1536572999903,3.77649713,5.714493,8.240638,-0.237426147,-0.105122879,-0.06571132,0.9634626,0.021382343,0.7430165,0.628751934,0.195700914,-0.147438809,-0.196758464,0,0,0,0,-1,0,560.0661,0.032078
1876188800,67.181430900003761,3.90432835,15.1466942,14.21809,-0.227779955,-0.1029612,-0.0557104126,0.9666498,0.021382343,0.770762265,0.7102493,0.204649508,-0.249708354,-0.201871946,0,0,0,0,-1,0,533.8631,0.0277733
1877095500,67.18233809999947,3.90886545,15.4731493,14.4302378,-0.217290968,-0.102662481,-0.0483444929,0.969488442,0.021382343,0.7715783,0.7131017,0.205927879,-0.2522651,-0.201871946,0,0,0,0,-1,0,562.315,0.00090670000000000008
1920572800,67.225815099998727,4.11182547,30.31819,23.9207458,-0.217368826,-0.103108913,-0.0477965623,0.969450831,0.021382343,0.800956249,0.8422749,0.234052017,-0.408226162,-0.231274456,0,0,0,0,-1,0,535.3493,0.0434773
1921336500,67.226579099995433,4.11633062,30.71873,24.1314144,-0.2019599,-0.108321518,-0.041863028,0.9724846,0.021382343,0.8017723,0.8455348,0.234052017,-0.412061244,-0.232552812,0,0,0,0,-1,0,574.052551,0.00076370000000000008
1949377400,67.254619600003934,4.162036,39.7157135,30.0858078,-0.201638311,-0.108175769,-0.0421612822,0.972554564,0.0209711436,0.8099329,0.9254022,0.259619385,-0.523279369,-0.264512032,0,0,0,0,-1,0,547.133057,0.0280409
1982480900,67.2877232000028,4.298225,49.1600075,36.5789566,-0.183957323,-0.11199,-0.0411736742,0.975665331,0.0209711436,0.8099329,1.01138186,0.291578621,-0.639611,-0.30158475,0,0,0,0,-1,0,521.2868,0.0331035
1983513900,67.28875639999751,4.30184555,49.43655,36.7516022,-0.166396648,-0.114619471,-0.0387772247,0.9786066,0.0209711436,0.8099329,1.01382685,0.292857,-0.6434461,-0.302863121,0,0,0,0,-1,0,543.6252,0.001033
2026525200,67.331767499999842,4.0916996,59.44546,43.3397636,-0.165616482,-0.114710346,-0.0386493877,0.9787334,0.0193263479,0.8034044,1.10510385,0.336321533,-0.7802316,-0.364224851,0,0,0,0,-1,0,517.6064,0.0430113
2027385800,67.332628000003751,4.094809,59.6505623,43.50064,-0.139401823,-0.116112381,-0.0416734,0.9825214,0.0193263479,0.8029964,1.10714126,0.336321533,-0.784066737,-0.365503222,0,0,0,0,-1,0,549.8251,0.0008606000000000001
2051060900,67.356302599990158,3.9795723,64.22314,46.69155,-0.138537556,-0.115649328,-0.0420516245,0.9826822,0.01850395,0.7956519,1.15074229,0.358053863,-0.85182035,-0.392348975,0,0,0,0,-1,0,524.44574,0.0236751
2083498900,67.388740900001721,3.49574733,69.07171,49.6147423,-0.125387222,-0.113634,-0.04141747,0.9847081,0.0160367563,0.7891235,1.19515836,0.378507733,-0.9310792,-0.419194728,0,0,0,0,-1,0,499.764862,0.032438
2084367300,67.389609499994549,3.40674233,69.17283,49.655983,-0.107777931,-0.108446166,-0.0409083851,0.987395465,0.0156255569,0.7891235,1.1959734,0.3797861,-0.93363595,-0.419194728,0,0,0,0,-1,0,532.35376,0.00086840000000000007
2113096200,67.418338000003132,2.976049,72.01658,50.9545059,-0.106913783,-0.108494751,-0.04024809,0.9875113,0.0135695636,0.7874914,1.220015,0.390013069,-0.998832762,-0.431978434,0,0,0,0,-1,0,507.476471,0.0287289
2113881400,67.4191240999935,2.976049,72.01658,50.9545059,-0.0875367,-0.1007471,-0.038893383,0.9902902,0.0135695636,0.7874914,1.220015,0.390013069,-0.998832762,-0.431978434,0,0,0,0,-1,0,545.7807,0.0007852
2157239200,67.462481299997307,2.98107648,74.07558,51.32498,-0.0875367,-0.1007471,-0.038893383,0.9902902,0.0135695636,0.7903476,1.23427713,0.401518375,-1.06019449,-0.442205369,0,0,0,0,-1,0,519.644836,0.0433578
2183569700,67.4888118999952,3.06456876,74.76389,50.8346977,-0.0653849244,-0.09191223,-0.0362786576,0.9929556,0.0139807621,0.7960599,1.2354995,0.406631857,-1.07809174,-0.4447621,0,0,0,0,-1,0,495.561523,0.026330500000000003
2184337800,67.489580199995544,3.06456876,74.76389,50.8346977,-0.05743581,-0.08926531,-0.03463289,0.9937471,0.0139807621,0.7960599,1.2354995,0.406631857,-1.07937,-0.4447621,0,0,0,0,-1,0,535.87915,0.00076810000000000008
2215664000,67.520905999990646,3.0514605,75.67279,49.8971634,-0.0568528734,-0.08901195,-0.03459716,0.9938047,0.0139807621,0.8058526,1.2354995,0.407910228,-1.09087539,-0.4460405,0,0,0,0,-1,0,510.6813,0.0313262
2216407800,67.5216505999997,3.05091166,75.71046,49.8579063,-0.05148196,-0.08700337,-0.03432211,0.994284749,0.0139807621,0.8062606,1.2354995,0.407910228,-1.09215379,-0.4460405,0,0,0,0,-1,0,552.3696,0.00074380000000000008
2243060400,67.548302399998647,2.95155978,76.38579,49.1499,-0.050899107,-0.08674894,-0.0342861079,0.994338155,0.0135695636,0.81360507,1.2354995,0.407910228,-1.09726727,-0.447318852,0,0,0,0,-1,0,526.627136,0.026652600000000002
2276550200,67.581791999997222,2.672253,77.15279,48.2619133,-0.0485056564,-0.08596653,-0.03478772,0.9945083,0.0123359663,0.822581649,1.235092,0.406631857,-1.103659,-0.44348374,0,0,0,0,-1,0,501.788757,0.0334898
2277363400,67.582605799994781,2.672253,77.15279,48.2619133,-0.04559708,-0.08497406,-0.0333374664,0.9947809,0.0123359663,0.822581649,1.235092,0.406631857,-1.103659,-0.44348374,0,0,0,0,-1,0,538.1848,0.0008132
2316562400,67.62180459999945,2.12186241,77.6843643,46.65074,-0.04559708,-0.08497406,-0.0333374664,0.9947809,0.009868774,0.8364546,1.22938728,0.401518375,-1.10749424,-0.4332568,0,0,0,0,-1,0,512.5511,0.039199000000000005
2317348500,67.622590699989814,2.12146378,77.72082,46.6103477,-0.0416591,-0.08418208,-0.0308250245,0.9951019,0.009868774,0.836862564,1.22938728,0.40024,-1.10749424,-0.4332568,0,0,0,0,-1,0,550.5287,0.00078610000000000008
2348817400,67.654059499996947,1.40843868,77.91361,45.72196,-0.0417223051,-0.08394419,-0.03141492,0.9951009,0.006579182,0.8442071,1.22571969,0.39129144,-1.11005092,-0.4204731,0,0,0,0,-1,0,524.5911,0.0314689
2378562100,67.683804200001759,0.526239038,78.1320648,44.94418,-0.0396405868,-0.08310446,-0.0293419361,0.9953197,0.00246719341,0.8507355,1.22286749,0.377229363,-1.11132932,-0.3974625,0,0,0,0,-1,0,500.042542,0.029744700000000002
2379259400,67.684502199990675,0.5261381,78.16793,44.90327,-0.03916322,-0.08178504,-0.02454206,0.9955778,0.00246719341,0.851143539,1.22286749,0.377229363,-1.11132932,-0.3961841,0,0,0,0,-1,0,546.745544,0.00069730000000000009
2421937800,67.727180000001681,-1.04331493,77.51936,43.0858841,-0.03921549,-0.08176003,-0.0239056926,0.99559325,-0.004934387,0.8629763,1.20942044,0.3427134,-1.1151644,-0.347606063,0,0,0,0,-1,0,520.579834,0.042678400000000005
2422721300,67.727963800003636,-1.04331493,77.51936,43.0858841,-0.0339678228,-0.0772018358,-0.0161605831,0.9963057,-0.004934387,0.8629763,1.20942044,0.3427134,-1.1151644,-0.347606063,0,0,0,0,-1,0,558.367065,0.0007835
2448127700,67.7533698999905,-1.64118755,76.53094,41.710228,-0.0339678228,-0.0772018358,-0.0161605831,0.9963057,-0.007812778,0.8703208,1.19638085,0.319702744,-1.11132932,-0.3169252,0,0,0,0,-1,0,532.416748,0.025406400000000003
2483928200,67.789170399992145,-3.341564,75.382515,40.0011978,-0.0312265866,-0.07416845,-0.0120575232,0.9966839,-0.0160367563,0.8792974,1.1808964,0.2787949,-1.103659,-0.2657904,0,0,0,0,-1,0,507.192535,0.0358005
2484766800,67.790009299991652,-3.341564,75.382515,40.0011978,-0.0301992688,-0.0702896,-0.006094735,0.997050762,-0.0160367563,0.8792974,1.1808964,0.2787949,-1.103659,-0.2657904,0,0,0,0,-1,0,541.4561,0.0008386
2520898900,67.826141199999256,-4.57166624,73.56481,37.5031128,-0.0301992688,-0.0702896,-0.006094735,0.997050762,-0.02220474,0.8915382,1.15766954,0.236608744,-1.09215379,-0.20954217,0,0,0,0,-1,0,515.767151,0.0361321
2521722200,67.8269644999964,-4.57166624,73.56481,37.5031128,-0.0270434115,-0.0651012,0.001812021,0.9975105,-0.02220474,0.8915382,1.15766954,0.236608744,-1.09215379,-0.20954217,0,0,0,0,-1,0,550.71,0.0008233
2545636100,67.850878199998988,-4.79184675,72.02423,36.0573959,-0.0270434115,-0.0651012,0.001812021,0.9975105,-0.0234383363,0.8968425,1.1413703,0.216154829,-1.07681334,-0.181418031,0,0,0,0,-1,0,525.2654,0.023913900000000002
2581566100,67.886808199997176,-5.833191,69.8589,34.2485123,-0.02767018,-0.0624565072,0.005842713,0.9976469,-0.028783923,0.9021469,1.11977339,0.179082125,-1.044854,-0.140510216,0,0,0,0,-1,0,500.3937,0.035930000000000004
2582407000,67.887649099997361,-5.8305974,69.79483,34.1584358,-0.03438761,-0.05884278,0.008407384,0.9976395,-0.028783923,0.90255487,1.11895847,0.17780374,-1.04357576,-0.139231846,0,0,0,0,-1,0,534.8341,0.0008409
2616574800,67.921817099995678,-5.9364624,67.95183,32.1047554,-0.0346636958,-0.05862085,0.00843383,0.9976427,-0.02960632,0.9103074,1.0981766,0.148401245,-1.01673,-0.107272618,0,0,0,0,-1,0,509.555756,0.034167800000000005
2617300900,67.92254359999788,-5.934458,67.93682,32.0370636,-0.03874944,-0.05330562,0.01049337,0.997770965,-0.02960632,0.9107154,1.097769,0.148401245,-1.01673,-0.107272618,0,0,0,0,-1,0,552.939,0.0007261
2652645700,67.9578879000037,-5.79780626,66.463974,30.18176,-0.0385459363,-0.053308,0.0104885381,0.997778833,-0.0291951224,0.9180599,1.08024716,0.135617554,-0.9911626,-0.0893754438,0,0,0,0,-1,0,526.7067,0.0353448
2677686300,67.982928700002958,-5.746723,65.16194,28.4325542,-0.0430328324,-0.0510692932,0.0130749885,0.997682,-0.0291951224,0.9249963,1.06435513,0.130504087,-0.9732654,-0.08042686,0,0,0,0,-1,0,502.368134,0.025040600000000003
2678503500,67.983745799996541,-5.74518347,65.066925,28.3798218,-0.0442409962,-0.0505592525,0.014757162,0.99763155,-0.0291951224,0.9249963,1.06354022,0.129225716,-0.9732654,-0.08042686,0,0,0,0,-1,0,538.434265,0.0008172
2712576000,68.017818099993747,-5.67343426,62.7297058,25.92295,-0.0438414328,-0.050231766,0.0142040756,0.9976738,-0.0291951224,0.9323408,1.038276,0.120277129,-0.946419656,-0.06125132,0,0,0,0,-1,0,512.98,0.034072500000000006
2713375100,68.018617499998072,-5.670547,62.6685181,25.82408,-0.04508515,-0.0488146879,0.01911145,0.9976068,-0.0291951224,0.932748854,1.037461,0.120277129,-0.945141256,-0.05997295,0,0,0,0,-1,0,549.901367,0.00079910000000000007
2750159600,68.055401799996616,-5.516674,60.9310379,23.2552471,-0.04534515,-0.0488452464,0.019711649,0.9975818,-0.028783923,0.9425415,1.0154568,0.113885283,-0.915738761,-0.0446325168,0,0,0,0,-1,0,523.765564,0.036784500000000005
2775855100,68.08109739999054,-5.47223949,59.90548,21.7119465,-0.0493707731,-0.04783913,0.0238334388,0.9973495,-0.028783923,0.94825387,1.00241721,0.11132855,-0.89400655,-0.0369623,0,0,0,0,-1,0,499.523163,0.025695500000000003
2776802600,68.0820451000036,-5.4713974,59.8596878,21.6827,-0.0538657345,-0.0477914326,0.0259922557,0.9970651,-0.028783923,0.94825387,1.00200963,0.11132855,-0.89272815,-0.0369623,0,0,0,0,-1,0,527.317444,0.0009475000000000001
2822989900,68.128232100003515,-5.16471052,58.7241135,19.0671654,-0.05429864,-0.04783719,0.0259590875,0.997040331,-0.0275503248,0.9600867,0.983672857,0.101101585,-0.862047255,-0.0267353468,0,0,0,0,-1,0,502.034119,0.0461873
2823968300,68.129210899991449,-5.162653,58.7100754,18.9925,-0.06065023,-0.045040112,0.0261264835,0.9968001,-0.0275503248,0.9604947,0.9832653,0.101101585,-0.860769,-0.025456978,0,0,0,0,-1,0,528.036255,0.00097840000000000015
2847956800,68.1531990999938,-4.675677,58.8001366,18.01812,-0.06111223,-0.0450404435,0.02673226,0.9967557,-0.0250831321,0.9670231,0.9795979,0.0998232141,-0.850541949,-0.02417861,0,0,0,0,-1,0,503.718781,0.023988500000000003
2885921600,68.191163900002721,-3.88600326,59.0988,16.9252415,-0.0643701851,-0.0436987542,0.0266868733,0.9966116,-0.0209711436,0.9751836,0.9767455,0.101101585,-0.8428717,-0.02417861,0,0,0,0,-1,0,479.849854,0.0379648
2887157600,68.19240020000143,-3.808892,59.1293144,16.8817863,-0.06670983,-0.04227614,0.0271396711,0.99650687,-0.0205599442,0.97559166,0.9767455,0.101101585,-0.8428717,-0.02417861,0,0,0,0,-1,0,496.310425,0.0012360000000000001
2923618600,68.228860999995959,-2.73001075,59.63043,16.0573387,-0.06670425,-0.0420712344,0.02715339,0.9965156,-0.01480316,0.982936144,0.976338,0.1049367,-0.8415933,-0.0267353468,0,0,0,0,-1,0,472.866241,0.036461
2924655600,68.229898199992022,-2.73001075,59.63043,16.0573387,-0.06699766,-0.04050314,0.0275542159,0.9965499,-0.01480316,0.982936144,0.976338,0.1049367,-0.8415933,-0.0267353468,0,0,0,0,-1,0,497.438934,0.0010370000000000002
2949688800,68.254931100003887,-1.96734715,59.9012566,15.6590433,-0.06699766,-0.04050314,0.0275542159,0.9965499,-0.0106911715,0.9866084,0.976338,0.11132855,-0.8428717,-0.02801372,0,0,0,0,-1,0,474.564331,0.025033200000000002
2981007400,68.286249800003134,-1.1316576,60.26002,15.1205473,-0.066254504,-0.0404203,0.0295993332,0.9965443,-0.006167983,0.991504669,0.976338,0.122833863,-0.8428717,-0.0292920861,0,0,0,0,-1,0,452.432617,0.0313186
2982026300,68.287268899992341,-1.13137674,60.2898,15.0750084,-0.06610286,-0.041733548,0.03364927,0.9963717,-0.006167983,0.9919127,0.976338,0.122833863,-0.8428717,-0.0292920861,0,0,0,0,-1,0,478.8835,0.0010189
3020374300,68.325616699992679,-0.22577031,60.75122,14.667841,-0.06610286,-0.041733548,0.03364927,0.9963717,-0.0012335967,0.996401,0.977560461,0.136895925,-0.844150066,-0.0331271924,0,0,0,0,-1,0,456.2432,0.038348
3021330500,68.326573099999223,-0.22577031,60.75122,14.667841,-0.06581919,-0.0436407551,0.0374983028,0.996171236,-0.0012335967,0.996401,0.977560461,0.1381743,-0.844150066,-0.0331271924,0,0,0,0,-1,0,485.721344,0.0009562
3051250700,68.35649310000008,0.225636169,61.4676857,14.559104,-0.0658100545,-0.0440315641,0.0380027443,0.996135533,0.0012335967,1.00007319,0.981635332,0.14712289,-0.845428467,-0.034405563,0,0,0,0,-1,0,463.106384,0.0299202
3080643700,68.385885800002143,0.6773293,62.42665,14.6720533,-0.06705902,-0.0454486459,0.0411007367,0.9958656,0.00370079,1.0033375,0.9881551,0.153514728,-0.85182035,-0.0356839336,0,0,0,0,-1,0,441.652161,0.029393000000000002
3081694900,68.386937399991439,0.6773293,62.42665,14.6720533,-0.06699435,-0.04581808,0.0433749259,0.9957566,0.00370079,1.0033375,0.9881551,0.1547931,-0.85182035,-0.0356839336,0,0,0,0,-1,0,467.134247,0.0010512
3113042600,68.418284400002449,1.13068092,63.2710075,14.9622021,-0.06698314,-0.046204105,0.0438827276,0.995717168,0.006167983,1.0049696,0.9946749,0.165020049,-0.863325655,-0.0369623,0,0,0,0,-1,0,445.372559,0.0313477
3114044300,68.419286899996223,1.13068092,63.2710075,14.9622021,-0.06433405,-0.04746727,0.047827214,0.9956509,0.006167983,1.0049696,0.9946749,0.165020049,-0.864604056,-0.03824067,0,0,0,0,-1,0,473.019073,0.0010017000000000001
3152260300,68.457502599994768,1.58593154,64.2096939,15.3048525,-0.06366886,-0.0474539138,0.04721955,0.9957232,0.008635176,1.00660169,1.00200963,0.176525384,-0.8761093,-0.04207578,0,0,0,0,-1,0,450.676483,0.038216
3183267100,68.488508700000239,1.742034,65.1568146,15.8390846,-0.06133748,-0.0490640849,0.05047242,0.995632,0.009457574,1.00700974,1.01015937,0.185473979,-0.887614667,-0.047189258,0,0,0,0,-1,0,429.755219,0.0310068
3184245500,68.489488099992741,1.742034,65.1568146,15.8390846,-0.0594355352,-0.0506661646,0.05207934,0.9955843,0.009457574,1.00700974,1.01015937,0.185473979,-0.887614667,-0.047189258,0,0,0,0,-1,0,459.3713,0.00097840000000000015
3219086000,68.524327999999514,1.82151246,66.07422,16.2173443,-0.0594355352,-0.0506661646,0.05207934,0.9955843,0.009868774,1.00823379,1.0174942,0.190587446,-0.897841632,-0.0510243624,0,0,0,0,-1,0,437.83786,0.0348405
3220272900,68.525515300003462,1.82151246,66.07422,16.2173443,-0.05784381,-0.0513402149,0.0527307652,0.9956092,0.009868774,1.00823379,1.0174942,0.190587446,-0.897841632,-0.0510243624,0,0,0,0,-1,0,458.0725,0.0011869
3258494900,68.563737000004039,1.82382727,67.08203,16.4518986,-0.05784381,-0.0513402149,0.0527307652,0.9956092,0.009868774,1.010682,1.02482891,0.194422543,-0.9106253,-0.0535811037,0,0,0,0,-1,0,436.47702,0.038222
3288309900,68.593551799989655,1.89823425,67.56277,16.2971287,-0.0550427325,-0.0516380668,0.053563226,0.995708168,0.0102799721,1.01353812,1.02727389,0.196979284,-0.9182955,-0.05613784,0,0,0,0,-1,0,416.33017,0.029815
3289279300,68.594521699997131,1.89823425,67.56277,16.2971287,-0.0523483381,-0.0517414361,0.0536159,0.995845258,0.0102799721,1.01353812,1.02727389,0.196979284,-0.9182955,-0.05613784,0,0,0,0,-1,0,447.091949,0.0009694
3316779500,68.622021199989831,1.97011793,67.98915,15.9182014,-0.0523483381,-0.0517414361,0.0536159,0.995845258,0.0106911715,1.01761842,1.02849627,0.199536026,-0.922130644,-0.05997295,0,0,0,0,-1,0,426.5555,0.027500200000000002
3317756000,68.622998599996208,1.97011793,67.98915,15.9182014,-0.05091256,-0.0521055646,0.05290389,0.995938838,0.0106911715,1.01761842,1.02849627,0.199536026,-0.922130644,-0.05997295,0,0,0,0,-1,0,456.431,0.0009765
3345722200,68.650964699991164,1.965462,68.3206253,15.4827242,-0.05091256,-0.0521055646,0.05290389,0.995938838,0.0106911715,1.02169859,1.02890384,0.199536026,-0.9246874,-0.06125132,0,0,0,0,-1,0,435.3973,0.0279662
3377361900,68.682603699999163,1.88566887,68.696785,15.0748549,-0.0498153,-0.05198288,0.0523425639,0.996030331,0.0102799721,1.02577889,1.02971876,0.2008144,-0.9272441,-0.06252969,0,0,0,0,-1,0,415.207733,0.0316397
3378886300,68.684128699998837,1.88519049,68.72498,15.0283241,-0.0489144959,-0.0524080545,0.05231296,0.996054351,0.0102799721,1.026187,1.02971876,0.2008144,-0.9272441,-0.06252969,0,0,0,0,-1,0,427.247131,0.0015244000000000002
3415865800,68.721107999997912,1.88049591,69.12708,14.5716648,-0.0489144959,-0.0524080545,0.05231296,0.996054351,0.0102799721,1.03067529,1.03053379,0.2008144,-0.928522468,-0.06252969,0,0,0,0,-1,0,407.236877,0.036979500000000005
3417061500,68.722303899994586,1.88001609,69.15506,14.5249968,-0.0486867949,-0.052313745,0.0523699038,0.9960674,0.0102799721,1.03108323,1.03053379,0.2008144,-0.928522468,-0.06252969,0,0,0,0,-1,0,428.691559,0.0011957
3453236100,68.758478499992634,1.95071793,69.40593,14.1036844,-0.0486867949,-0.052313745,0.0523699038,0.9960674,0.0106911715,1.03475547,1.03053379,0.2008144,-0.9310792,-0.066364795,0,0,0,0,-1,0,408.63916,0.0361746
3475041700,68.780283699990832,1.874731,69.46147,14.0108967,-0.04730958,-0.0520533323,0.0505322479,0.9962423,0.0102799721,1.03557158,1.03053379,0.199536026,-0.9310792,-0.0689215362,0,0,0,0,-1,0,390.500183,0.0218056
3476215000,68.781457399993087,1.874731,69.46147,14.0108967,-0.0472712144,-0.0519648679,0.048718635,0.9963391,0.0102799721,1.03557158,1.03053379,0.199536026,-0.9310792,-0.0689215362,0,0,0,0,-1,0,413.590027,0.0011733000000000002
3515125800,68.820367899999837,1.87155485,69.58104,13.7019424,-0.0472712144,-0.0519648679,0.048718635,0.9963391,0.0102799721,1.03801966,1.03012621,0.196979284,-0.93235755,-0.07147828,0,0,0,0,-1,0,394.195526,0.0389108
3516194900,68.821437499995227,1.87155485,69.58104,13.7019424,-0.0464056544,-0.0512520447,0.04640225,0.9965273,0.0102799721,1.03801966,1.03012621,0.196979284,-0.93235755,-0.07147828,0,0,0,0,-1,0,421.254059,0.0010691000000000001
3547078900,68.852321300000767,1.870591,69.63628,13.6081867,-0.0464056544,-0.0512520447,0.04640225,0.9965273,0.0102799721,1.03883576,1.03012621,0.196979284,-0.93235755,-0.07403501,0,0,0,0,-1,0,401.8103,0.030884
3578579000,68.883820899995044,1.86962676,69.69144,13.5143862,-0.0463400856,-0.0513113141,0.0451282635,0.9965858,0.0102799721,1.03965187,1.03012621,0.195700914,-0.93235755,-0.07531338,0,0,0,0,-1,0,383.3071,0.0315001
3579737900,68.884980599992559,1.86962676,69.69144,13.5143862,-0.04632639,-0.0509874336,0.0439606421,0.9966553,0.0102799721,1.03965187,1.03012621,0.195700914,-0.93235755,-0.07531338,0,0,0,0,-1,0,407.2861,0.0011589
3620478600,68.925720899991575,1.86933911,69.64485,13.4864092,-0.04632639,-0.0509874336,0.0439606421,0.9966553,0.0102799721,1.03965187,1.02971876,0.195700914,-0.93235755,-0.0791485,0,0,0,0,-1,0,388.149078,0.040740700000000005
3621676800,68.926919599995017,1.86933911,69.64485,13.4864092,-0.04602558,-0.0510846339,0.0420369245,0.9967472,0.0102799721,1.03965187,1.02971876,0.195700914,-0.93235755,-0.0791485,0,0,0,0,-1,0,410.4709,0.0011982000000000002
3650282800,68.955524999997579,1.6450249,69.64485,13.4885769,-0.04602558,-0.0510846339,0.0420369245,0.9967472,0.009046376,1.03965187,1.02971876,0.195700914,-0.93363595,-0.08170523,0,0,0,0,-1,0,391.695221,0.028606000000000003
3681478600,68.986720899993088,1.34496617,69.53273,13.3600731,-0.04535246,-0.0516802855,0.0407648757,0.9968002,0.00740158,1.0400598,1.02849627,0.193144172,-0.93363595,-0.08426197,0,0,0,0,-1,0,373.713226,0.031195800000000003
3682577000,68.987819699992542,1.34496617,69.53273,13.3600731,-0.04474942,-0.05187492,0.03835512,0.9969129,0.00740158,1.0400598,1.02849627,0.193144172,-0.93363595,-0.08426197,0,0,0,0,-1,0,400.5483,0.0010984
3721461300,69.026703600000474,1.26952672,69.46719,13.257555,-0.04474942,-0.05187492,0.03835512,0.9969129,0.006990381,1.04046786,1.02768135,0.193144172,-0.9349143,-0.08554034,0,0,0,0,-1,0,381.806763,0.038884300000000004
3722481800,69.027724500003387,1.26952672,69.46719,13.257555,-0.0436850525,-0.0520452447,0.03771538,0.9969757,0.006990381,1.04046786,1.02768135,0.193144172,-0.9349143,-0.08554034,0,0,0,0,-1,0,411.712,0.0010205000000000001
3751550300,69.056792599993059,1.26952672,69.46719,13.257555,-0.0436850525,-0.0520452447,0.03771538,0.9969757,0.006990381,1.04046786,1.02768135,0.193144172,-0.9349143,-0.08681871,0,0,0,0,-1,0,392.846466,0.0290685
3779374700,69.084616799998912,1.26742744,69.39114,12.9572458,-0.0436517969,-0.05207315,0.03707812,0.996999562,0.006990381,1.0421,1.0260514,0.191865832,-0.9349143,-0.08809708,0,0,0,0,-1,0,375.001129,0.027824400000000003
3780424900,69.0856674999959,1.26742744,69.39114,12.9572458,-0.0428264774,-0.05177667,0.0358620174,0.9970953,0.006990381,1.0421,1.0260514,0.191865832,-0.9349143,-0.08809708,0,0,0,0,-1,0,403.861053,0.0010502
3812086700,69.117328599997563,1.265982,69.26019,12.7504816,-0.0428264774,-0.05177667,0.0358620174,0.9970953,0.006990381,1.042916,1.02442145,0.189309075,-0.93363595,-0.0932105556,0,0,0,0,-1,0,385.2472,0.031661800000000004
3813134700,69.118377399994642,1.265982,69.26019,12.7504816,-0.0425565466,-0.0512842834,0.03217352,0.997258067,0.006990381,1.042916,1.02442145,0.189309075,-0.9349143,-0.0932105556,0,0,0,0,-1,0,413.694763,0.001048
3853034100,69.158276299989666,1.04241359,69.2137756,12.7236624,-0.04192378,-0.0512044579,0.0322036222,0.9972881,0.005756784,1.042916,1.024014,0.186752334,-0.93363595,-0.09832403,0,0,0,0,-1,0,394.263184,0.0398994
3884982100,69.190224299993133,0.8187852,69.1209641,12.6682682,-0.04228379,-0.0513047948,0.0285250936,0.9973797,0.004523188,1.042916,1.023199,0.185473979,-0.93363595,-0.102159135,0,0,0,0,-1,0,376.115082,0.031948000000000004
3886010700,69.191253400000278,0.8187852,69.1209641,12.6682682,-0.04181741,-0.0516569279,0.0260331873,0.997449338,0.004523188,1.042916,1.023199,0.185473979,-0.93235755,-0.102159135,0,0,0,0,-1,0,405.9191,0.0010286
3913959600,69.2192015999899,0.6693916,68.8891449,12.5271921,-0.04244993,-0.05173852,0.0260030553,0.997419238,0.00370079,1.042916,1.02116156,0.1841956,-0.929800868,-0.103437506,0,0,0,0,-1,0,387.4121,0.027948900000000002
3915085500,69.220327999995789,0.6693916,68.8891449,12.5271921,-0.0426984467,-0.05200883,0.02470094,0.997427642,0.00370079,1.042916,1.02116156,0.1841956,-0.929800868,-0.103437506,0,0,0,0,-1,0,412.4504,0.0011259
3945754000,69.250996000002488,0.5205566,68.84281,12.4992867,-0.0426984467,-0.05200883,0.02470094,0.997427642,0.002878392,1.042916,1.0207541,0.1841956,-0.9259657,-0.104715876,0,0,0,0,-1,0,393.458221,0.0306685
3987640400,69.292882599998848,0.370988369,68.38873,12.092041,-0.0443691351,-0.0526967645,0.0239430424,0.9973371,0.00205599447,1.043732,1.01627171,0.182917222,-0.922130644,-0.105994247,0,0,0,0,-1,0,374.979,0.041886400000000004
3988772300,69.294014500002959,0.370988369,68.38873,12.092041,-0.04402946,-0.0530739,0.0225435756,0.997364759,0.00205599447,1.043732,1.01627171,0.182917222,-0.922130644,-0.105994247,0,0,0,0,-1,0,400.403564,0.0011319000000000001
4018902900,69.324144799989881,0.370478928,68.09301,11.84427,-0.04402946,-0.0530739,0.0225435756,0.997364759,0.00205599447,1.0441401,1.01341927,0.181638852,-0.9182955,-0.107272618,0,0,0,0,-1,0,382.042816,0.0301306
4020002700,69.32524530000228,0.370478928,68.09301,11.84427,-0.04449296,-0.0530180074,0.0212088637,0.997376442,0.00205599447,1.0441401,1.01341927,0.181638852,-0.9182955,-0.107272618,0,0,0,0,-1,0,408.403473,0.0010998000000000002
4048252000,69.353493899994646,0.07385669,67.67699,11.2630424,-0.04449296,-0.0530180074,0.0212088637,0.997376442,0.000411198882,1.04618025,1.00852942,0.179082125,-0.9144604,-0.107272618,0,0,0,0,-1,0,389.753265,0.0282493
4080098300,69.385340199994971,-0.220690563,66.96026,10.550005,-0.0440138467,-0.05340727,0.0198966935,0.9974039,-0.0012335967,1.04781234,1.00119472,0.16757679,-0.909346938,-0.107272618,0,0,0,0,-1,0,371.835632,0.0318463
4081228100,69.386470600002212,-0.2206544,66.914505,10.5206909,-0.04309951,-0.05132016,0.0148396622,0.997641444,-0.0012335967,1.04781234,1.00078726,0.166298419,-0.909346938,-0.107272618,0,0,0,0,-1,0,397.499481,0.0011298
4119945300,69.425187699991511,-0.219730273,66.15602,9.771555,-0.0429180972,-0.0509560034,0.014307363,0.9976757,-0.0012335967,1.04944444,0.993045,0.15862821,-0.9016767,-0.107272618,0,0,0,0,-1,0,378.915924,0.0387172
4120971600,69.426213999991887,-0.219730273,66.15602,9.771555,-0.0429860242,-0.0492467955,0.0108205387,0.9978025,-0.0012335967,1.04944444,0.993045,0.15734984,-0.9016767,-0.107272618,0,0,0,0,-1,0,408.6888,0.0010263000000000002
4152750000,69.457992099996773,-0.4370546,65.46425,8.796112,-0.0430079326,-0.0488754325,0.0103012417,0.9978254,-0.00246719341,1.05270863,0.9848952,0.152236357,-0.8952849,-0.107272618,0,0,0,0,-1,0,389.827759,0.031778400000000005
4177459600,69.482701899993117,-0.50729084,64.79438,7.890557,-0.04220188,-0.0484055541,0.007872464,0.997904837,-0.002878392,1.05556488,0.977153,0.14712289,-0.8850579,-0.107272618,0,0,0,0,-1,0,372.359863,0.0247096
4178367500,69.4836101999972,-0.507203341,64.7493439,7.86015129,-0.0434965752,-0.0477069654,0.00540736271,0.997899234,-0.002878392,1.05556488,0.9767455,0.14712289,-0.8850579,-0.107272618,0,0,0,0,-1,0,408.814026,0.0009079
4212355700,69.51759740000125,-0.502873957,63.6085358,6.356056,-0.0432932228,-0.0477080643,0.005398227,0.997908056,-0.002878392,1.06005311,0.963705957,0.144566149,-0.868439138,-0.107272618,0,0,0,0,-1,0,389.844421,0.0339882
4213486000,69.518728399998508,-0.502648056,63.5905037,6.27757645,-0.0450705066,-0.0478966758,0.00372898788,0.997828066,-0.002878392,1.06046116,0.96329844,0.144566149,-0.867160738,-0.107272618,0,0,0,0,-1,0,414.588257,0.0011303
4267860700,69.573103000002448,-0.494187444,61.88432,3.33823729,-0.0455010459,-0.04796808,0.00369244767,0.9978051,-0.002878392,1.07106984,0.9412942,0.135617554,-0.840315,-0.105994247,0,0,0,0,-1,0,394.778381,0.054374700000000005
4299905600,69.605147599999327,-0.419156879,61.0822144,1.5418433,-0.0480242968,-0.0466480628,-0.000240107736,0.997756362,-0.00246719341,1.07841432,0.9290696,0.131782457,-0.826252937,-0.105994247,0,0,0,0,-1,0,376.599762,0.0320449
4300856200,69.606098899996141,-0.4189964,60.99516,1.47679186,-0.0489708446,-0.0459587649,-0.002269126,0.997739732,-0.00246719341,1.07841432,0.928662062,0.131782457,-0.826252937,-0.105994247,0,0,0,0,-1,0,410.368134,0.0009506
4329988400,69.635230500003672,-0.345659018,60.0793152,-0.227688044,-0.04876754,-0.0459583253,-0.00227798382,0.9977497,-0.00205599447,1.08453476,0.9164375,0.129225716,-0.816026,-0.105994247,0,0,0,0,-1,0,391.56604,0.0291322
4331009700,69.636252099997364,-0.345591,60.03621,-0.2607698,-0.0477905,-0.0454407074,-0.00371949677,0.9978164,-0.00205599447,1.08453476,0.91603,0.129225716,-0.816026,-0.105994247,0,0,0,0,-1,0,420.944946,0.0010213000000000002
4374930900,69.680173200002173,-0.2707978,58.1615448,-3.71096182,-0.0475871973,-0.0454399437,-0.00372833316,0.9978261,-0.00164479553,1.09636748,0.8911733,0.1253906,-0.7981288,-0.105994247,0,0,0,0,-1,0,401.0361,0.0439212
4401314800,69.7065569999977,-0.266495943,56.57611,-6.3263917,-0.0441402234,-0.04482294,-0.006064078,0.9980009,-0.00164479553,1.10412,0.871206462,0.124112234,-0.7866235,-0.105994247,0,0,0,0,-1,0,382.8794,0.026383900000000002
4402423500,69.707661699998425,-0.266300857,56.51746,-6.44499969,-0.0399126522,-0.04490031,-0.0072017666,0.9981679,-0.00164479553,1.10452807,0.8703915,0.124112234,-0.7853451,-0.105994247,0,0,0,0,-1,0,408.833282,0.0011087
4435366700,69.740608599997358,-0.195399746,54.5579224,-9.95168,-0.0401408076,-0.0449602939,-0.00724525563,0.9981557,-0.0012335967,1.11513674,0.8447198,0.117720388,-0.766169548,-0.107272618,0,0,0,0,-1,0,389.9094,0.0329432
4436365300,69.741607799995109,-0.195294946,54.54123,-10.03663,-0.0369489454,-0.043412786,-0.0111384159,0.998311639,-0.0012335967,1.1155448,0.84431237,0.117720388,-0.7648912,-0.105994247,0,0,0,0,-1,0,420.484,0.0009986
4463338400,69.768580699994345,-0.191062108,53.0150146,-13.467927,-0.03740853,-0.0434478559,-0.0105339848,0.9982995,-0.0012335967,1.12737751,0.821900666,0.113885283,-0.7457157,-0.107272618,0,0,0,0,-1,0,401.3135,0.026973100000000003
4497640700,69.802882499992847,-0.247021049,50.7231445,-18.1666985,-0.0357977338,-0.0429028869,-0.0133860074,0.998347938,-0.00164479553,1.14165843,0.789709151,0.1087718,-0.7163132,-0.107272618,0,0,0,0,-1,0,382.705475,0.0343023
4498759900,69.804002299992135,-0.246813759,50.66863,-18.2927246,-0.034443032,-0.0423902757,-0.0164042152,0.998372555,-0.00164479553,1.14206648,0.7888942,0.1087718,-0.7150348,-0.107272618,0,0,0,0,-1,0,408.244965,0.0011192
4534855200,69.840097499996773,-0.236561269,47.05998,-24.5260124,-0.0346717872,-0.0424415,-0.0164454225,0.9983618,-0.00164479553,1.15593946,0.7416257,0.102379963,-0.674127,-0.107272618,0,0,0,0,-1,0,389.217926,0.036095300000000004
4535934500,69.841177099995548,-0.236017436,46.825367,-24.85665,-0.03154954,-0.0414461531,-0.0203133728,0.998435855,-0.00164479553,1.15634727,0.7387733,0.102379963,-0.6702919,-0.107272618,0,0,0,0,-1,0,416.083344,0.0010793
4572397000,69.877639300000737,-0.225175127,42.0679665,-31.44853,-0.03203321,-0.04158329,-0.0204428565,0.9984122,-0.00164479553,1.16205978,0.6805027,0.0908746347,-0.6140436,-0.107272618,0,0,0,0,-1,0,396.650452,0.0364625
4605112100,69.910354399995413,-0.215157866,37.42103,-37.5388031,-0.0311773513,-0.038782578,-0.02620085,0.998417437,-0.00164479553,1.16205978,0.6230471,0.08192605,-0.552681863,-0.107272618,0,0,0,0,-1,0,378.346283,0.032715100000000004
4606154500,69.9113970999897,-0.214867368,37.294342,-37.71542,-0.0332430266,-0.03673308,-0.03088134,0.998294532,-0.00164479553,1.16205978,0.621417165,0.08064768,-0.5501251,-0.107272618,0,0,0,0,-1,0,407.3952,0.0010424
4631668500,69.93691079999553,-0.208504274,34.35239,-41.58404,-0.03373165,-0.0362739228,-0.03130612,0.9982817,-0.00164479553,1.16001976,0.5839284,0.0755342,-0.50538224,-0.107272618,0,0,0,0,-1,0,388.985138,0.025514000000000002
4632797800,69.938040299995919,-0.208205849,34.232708,-41.76548,-0.03741924,-0.03517254,-0.0340266041,0.998100638,-0.00164479553,1.16001976,0.582298458,0.0755342,-0.5028255,-0.107272618,0,0,0,0,-1,0,413.8111,0.0011293
4667935500,69.973177499996382,-0.150916874,31.13521,-46.0111465,-0.0378790461,-0.035238184,-0.0340935849,0.998078763,-0.0012335967,1.15675545,0.5411423,0.0678639859,-0.445298851,-0.107272618,0,0,0,0,-1,0,394.543518,0.0351377
4704798100,70.010040299996035,0,28.900341,-49.428997,-0.04618184,-0.0330210328,-0.0375073,0.997682333,0,1.1547153,0.509358346,0.0627505,-0.3941641,-0.107272618,0,0,0,0,-1,0,376.172729,0.0368626
4705899500,70.011142100003781,0,28.79451,-49.6188431,-0.05594113,-0.0312670544,-0.0398203954,0.9971496,0,1.1547153,0.5077284,0.0627505,-0.391607344,-0.105994247,0,0,0,0,-1,0,402.760864,0.0011014
4740582100,70.045824300003,0.0952586457,26.7468624,-52.5196533,-0.0564213619,-0.031284336,-0.0392406359,0.997144938,0.000822397764,1.150635,0.4787968,0.0601937659,-0.355813,-0.107272618,0,0,0,0,-1,0,384.064453,0.0346826
4741586100,70.046828799997456,0.0951793,26.6968327,-52.616127,-0.0598791577,-0.0303535257,-0.0412815921,0.9968897,0.000822397764,1.150635,0.477981865,0.0601937659,-0.354534626,-0.107272618,0,0,0,0,-1,0,414.662018,0.0010040000000000001
4765691700,70.070933599999989,0.09383206,25.48623,-54.25431,-0.0601093024,-0.0303786565,-0.0413094871,0.996874,0.000822397764,1.14737093,0.4608674,0.0576370321,-0.331523985,-0.107272618,0,0,0,0,-1,0,396.0031,0.0241056
4798182800,70.103424799992354,0.09166131,23.8467388,-56.89385,-0.06309921,-0.0295976177,-0.04234652,0.9966691,0.000822397764,1.14410663,0.435603231,0.05380192,-0.30084312,-0.105994247,0,0,0,0,-1,0,377.741852,0.0324911
4799277500,70.104520099994261,0.09158027,23.80092,-56.9923935,-0.06589866,-0.02821502,-0.043137446,0.9964941,0.000822397764,1.14410663,0.434788257,0.05380192,-0.299564749,-0.107272618,0,0,0,0,-1,0,404.5294,0.0010947
4838252100,70.143494399992051,0.08962284,22.1477947,-59.3725433,-0.0661108,-0.02827963,-0.04379969,0.9964493,0.000822397764,1.13880229,0.40993157,0.04868845,-0.265048772,-0.105994247,0,0,0,0,-1,0,385.585815,0.038974600000000005
4839076700,70.144319300001371,0.08958185,22.12615,-59.4223824,-0.07105673,-0.0263597127,-0.0447397754,0.996119738,0.000822397764,1.13880229,0.4095241,0.04868845,-0.2637704,-0.105994247,0,0,0,0,-1,0,426.942,0.00082460000000000009
4861284800,70.166526999993948,0.0885531157,21.4598827,-60.67328,-0.07148994,-0.0263895057,-0.04475727,0.9960872,0.000822397764,1.13757825,0.398114473,0.0474100746,-0.247151613,-0.107272618,0,0,0,0,-1,0,407.8463,0.0222081
4896893800,70.202135799991083,0.0433424078,20.1887665,-62.94503,-0.07409393,-0.0260796472,-0.0459079258,0.995852649,0.000411198882,1.134314,0.376517683,0.0435749665,-0.222862586,-0.108550988,0,0,0,0,-1,0,388.858124,0.035609
4897735900,70.202978399989661,0.0433216281,20.1687965,-62.9955673,-0.07550139,-0.0247420762,-0.04763827,0.995699763,0.000411198882,1.134314,0.3761102,0.0435749665,-0.221584246,-0.108550988,0,0,0,0,-1,0,428.7906,0.0008421
4935885400,70.2411274999904,0.04233502,18.87566,-65.39492,-0.07593451,-0.02477105,-0.04765388,0.995665431,0.000411198882,1.1306417,0.353290945,0.0384614877,-0.189625,-0.112386093,0,0,0,0,-1,0,408.661682,0.0381495
4936549200,70.241791899999953,0.04233502,18.87566,-65.39492,-0.08056758,-0.022881588,-0.05080062,0.9951908,0.000411198882,1.1306417,0.353290945,0.0384614877,-0.189625,-0.112386093,0,0,0,0,-1,0,463.5525,0.00066380000000000009
4970211800,70.275454100003117,0.0413418747,17.8100319,-67.81016,-0.08056758,-0.022881588,-0.05080062,0.9951908,0.000411198882,1.12860167,0.3321016,0.03462638,-0.170449451,-0.117499568,0,0,0,0,-1,0,441.8602,0.0336626
4994648900,70.299890800000867,0.04096626,16.86172,-68.72362,-0.07961333,-0.0212750323,-0.054202076,0.995123744,0.000411198882,1.12207317,0.318654567,0.0320696421,-0.157665759,-0.12261305,0,0,0,0,-1,0,421.813263,0.0244371
4995288800,70.300531499990029,0.0409651957,16.8210926,-68.7262039,-0.07930323,-0.0202734768,-0.0572700053,0.9949976,0.000411198882,1.12166512,0.31824708,0.0320696421,-0.157665759,-0.12261305,0,0,0,0,-1,0,478.8598,0.0006399
5032959600,70.338201899998239,0.44970414,15.407897,-68.92873,-0.07910055,-0.0202618185,-0.05727422,0.9950138,0.004523188,1.10779226,0.303577572,0.0320696421,-0.128263265,-0.126448154,0,0,0,0,-1,0,456.2441,0.037670800000000004
5033753300,70.338995700003579,0.44970414,15.407897,-68.92873,-0.0865036249,-0.01891241,-0.0593073964,0.9943049,0.004523188,1.10779226,0.303577572,0.0320696421,-0.128263265,-0.126448154,0,0,0,0,-1,0,496.428,0.0007937
5068582300,70.373824299997068,1.02170587,15.0025072,-68.96551,-0.0865036249,-0.01891241,-0.0593073964,0.9943049,0.0102799721,1.103712,0.2995027,0.03718312,-0.09886078,-0.125169784,0,0,0,0,-1,0,473.0422,0.034829
5106264100,70.411506299991743,1.2668606,14.9619761,-68.97167,-0.09909934,-0.01934541,-0.0580389835,0.9931952,0.0127471657,1.103304,0.2990952,0.0448533371,-0.0847987,-0.125169784,0,0,0,0,-1,0,450.717,0.0376818
5107287400,70.412530000001425,1.2668606,14.9619761,-68.97167,-0.105697237,-0.0223315638,-0.0572276078,0.9924991,0.0127471657,1.103304,0.2990952,0.0448533371,-0.08352034,-0.125169784,0,0,0,0,-1,0,477.0427,0.0010233
5140580600,70.445822699999553,1.34906328,14.7752533,-68.9377747,-0.106331252,-0.0223744623,-0.0572333261,0.992430031,0.0135695636,1.10126388,0.297465265,0.046131704,-0.08607707,-0.126448154,0,0,0,0,-1,0,454.692352,0.0332932
5141337200,70.446579800001928,1.34835827,14.7593374,-68.98972,-0.104222141,-0.022525372,-0.0577197559,0.9926222,0.0135695636,1.10126388,0.297057778,0.046131704,-0.08607707,-0.126448154,0,0,0,0,-1,0,498.042847,0.00075660000000000007
5163709700,70.468951899994863,1.34778261,14.2731466,-69.03215,-0.104019985,-0.0225133318,-0.0577270836,0.9926433,0.0135695636,1.09636748,0.292167932,0.0448533371,-0.08863381,-0.126448154,0,0,0,0,-1,0,475.37558,0.0223725
5200996500,70.506238599991775,1.30560052,12.7093668,-69.13363,-0.100367144,-0.0216557719,-0.05792417,0.993026853,0.0131583642,1.08045447,0.27668345,0.03718312,-0.0809636,-0.127726525,0,0,0,0,-1,0,452.947754,0.0372868
5201691100,70.506933800003026,1.30560052,12.7093668,-69.13363,-0.09671428,-0.017956024,-0.0595685244,0.993365765,0.0131583642,1.08045447,0.27668345,0.03718312,-0.0809636,-0.127726525,0,0,0,0,-1,0,502.284241,0.00069460000000000008
5237957200,70.5431993999955,1.3023839,10.6075716,-69.37807,-0.09671428,-0.017956024,-0.0595685244,0.993365765,0.0131583642,1.05923712,0.255494148,0.028234534,-0.06945827,-0.127726525,0,0,0,0,-1,0,478.548737,0.0362661
5238725900,70.5439686000027,1.3023839,10.6075716,-69.37807,-0.0921972543,-0.0132916514,-0.0606534854,0.9938029,0.0131583642,1.05923712,0.255494148,0.028234534,-0.06945827,-0.127726525,0,0,0,0,-1,0,519.6662,0.00076870000000000009
5270772300,70.576014399994165,1.30012918,8.61722851,-69.5494156,-0.0921972543,-0.0132916514,-0.0606534854,0.9938029,0.0131583642,1.03883576,0.235934779,0.0218426883,-0.0579529479,-0.132840008,0,0,0,0,-1,0,495.243134,0.0320464
5300363000,70.605604600001243,1.255626,6.685715,-69.85297,-0.0883777142,-0.010138575,-0.06392901,0.9939817,0.0127471657,1.01925051,0.216375411,0.01800758,-0.043890886,-0.139231846,0,0,0,0,-1,0,472.1707,0.0295907
5301179500,70.606421699994826,1.25545406,6.605366,-69.8664551,-0.0857347846,-0.008562187,-0.06758776,0.993985951,0.0127471657,1.01843441,0.215560436,0.01800758,-0.043890886,-0.139231846,0,0,0,0,-1,0,509.799133,0.00081650000000000006
5333964900,70.639206799998647,1.25185478,4.461194,-70.1487961,-0.08532986,-0.008534203,-0.06759641,0.9940205,0.0127471657,0.996401,0.194371134,0.0141724711,-0.0272720847,-0.1456237,0,0,0,0,-1,0,485.834259,0.0327854
5334744500,70.639987200003816,1.25185478,4.461194,-70.1487961,-0.0831721947,-0.00675989827,-0.0711816847,0.9939667,0.0127471657,0.996401,0.194371134,0.0141724711,-0.0272720847,-0.1456237,0,0,0,0,-1,0,525.678,0.00077960000000000008
5371924700,70.677166699999361,1.248092,2.481147,-70.44397,-0.0831721947,-0.00675989827,-0.0711816847,0.9939667,0.0127471657,0.975999653,0.17481178,0.010337363,-0.005539805,-0.150737166,0,0,0,0,-1,0,500.7389,0.037180200000000004
5396515900,70.701757899994846,1.24590659,1.45280159,-70.6153946,-0.08437978,-0.005165141,-0.07402631,0.9936667,0.0127471657,0.965391,0.164624617,0.009058994,0.0110789966,-0.153293908,0,0,0,0,-1,0,477.7352,0.0245912
5397285700,70.702528299996629,1.24579358,1.41293359,-70.62427,-0.08761668,-0.00489049032,-0.07537257,0.993286669,0.0127471657,0.9649829,0.164217129,0.009058994,0.0110789966,-0.153293908,0,0,0,0,-1,0,518.800354,0.00076980000000000006
5431622800,70.736864699996659,1.24846482,0.293527424,-70.41472,-0.0874143541,-0.0048749093,-0.07537615,0.9933044,0.0127471657,0.952742159,0.1556599,0.007780625,0.031532906,-0.154572278,0,0,0,0,-1,0,494.3165,0.0343371
5432398400,70.737641100000474,1.20807862,0.253577024,-70.42356,-0.09336689,-0.00476013264,-0.07603661,0.992712736,0.0123359663,0.9523341,0.155252427,0.00650225533,0.0328112766,-0.154572278,0,0,0,0,-1,0,534.0669,0.0007756000000000001
5469730600,70.774972899991553,1.20856738,-0.664422631,-70.38394,-0.0938331559,-0.004362112,-0.07609212,0.992666245,0.0123359663,0.9425415,0.147510171,0.009058994,0.0507084467,-0.154572278,0,0,0,0,-1,0,508.702881,0.0373322
5503415800,70.808657999994466,1.17029607,-1.44959259,-70.2147,-0.09877213,-0.00603059866,-0.07600329,0.9921851,0.0119247679,0.933972955,0.141805351,0.010337363,0.0673272461,-0.155850649,0,0,0,0,-1,0,484.752075,0.033685200000000005
5504247200,70.8094895999966,1.17017615,-1.4896251,-70.2247543,-0.104114272,-0.007362554,-0.076609,0.991583169,0.0119247679,0.9335649,0.141397864,0.010337363,0.06860562,-0.155850649,0,0,0,0,-1,0,520.654,0.0008314
5530483400,70.835725600001751,1.17361188,-1.99014044,-69.93666,-0.104545973,-0.007396696,-0.076607205,0.9915376,0.0119247679,0.9278525,0.138952956,0.0141724711,0.08138931,-0.155850649,0,0,0,0,-1,0,496.527069,0.0262362
5531414500,70.836657199994079,1.17361188,-1.99014044,-69.93666,-0.109518766,-0.009712187,-0.0765176639,0.990987539,0.0119247679,0.9278525,0.138952956,0.0141724711,0.08138931,-0.155850649,0,0,0,0,-1,0,525.400635,0.0009311
5572230600,70.877472699998179,1.09180665,-3.0848105,-70.01408,-0.109518766,-0.009712187,-0.0765176639,0.990987539,0.01110237,0.9164278,0.129173264,0.01672921,0.09800811,-0.152015537,0,0,0,0,-1,0,500.355621,0.0408161
5602044500,70.907286699992255,1.04895782,-4.66128254,-70.2393341,-0.112796634,-0.0114463866,-0.07468765,0.990740955,0.0106911715,0.9001068,0.114503749,0.01672921,0.112070173,-0.149458811,0,0,0,0,-1,0,477.014923,0.0298139
5602774400,70.90801709999505,1.04895782,-4.66128254,-70.2393341,-0.11249572,-0.0114842393,-0.07356825,0.9908585,0.0106911715,0.9001068,0.114503749,0.01672921,0.112070173,-0.149458811,0,0,0,0,-1,0,521.6667,0.0007299
5632300400,70.937542500003474,0.921853065,-6.661775,-70.88045,-0.11249572,-0.0114842393,-0.07356825,0.9908585,0.009457574,0.879705369,0.09372193,0.01800758,0.132524088,-0.144345328,0,0,0,0,-1,0,497.276764,0.029526
5633164000,70.938406499990379,0.921622455,-6.741296,-70.90482,-0.11227271,-0.0124318739,-0.071290344,0.991038859,0.009457574,0.8788894,0.09290696,0.01800758,0.132524088,-0.144345328,0,0,0,0,-1,0,530.3101,0.00086360000000000007
5666578600,70.9718206999969,0.7161718,-9.845793,-71.59245,-0.111868963,-0.0124023873,-0.0712991953,0.9910843,0.00740158,0.84665525,0.0631604344,0.0192859489,0.158091471,-0.1366751,0,0,0,0,-1,0,505.290955,0.0334146
5704557100,71.009799099992961,0.7129765,-13.9721251,-72.02415,-0.109731972,-0.0134783527,-0.06791468,0.99154675,0.00740158,0.8034044,0.02811658,0.0192859489,0.200277656,-0.120056309,0,0,0,0,-1,0,481.342926,0.037978500000000005
5705438200,71.0106805999967,0.7130415,-14.0885324,-72.01537,-0.113385,-0.0127557293,-0.0600069128,0.9916554,0.00740158,0.80218035,0.0273016058,0.0192859489,0.200277656,-0.118777938,0,0,0,0,-1,0,514.023,0.0008811
5736947000,71.0421892000013,0.711774766,-17.44924,-72.18651,-0.1129891,-0.0126587208,-0.05938122,0.9917394,0.00740158,0.7670901,0.00122246,0.0205643177,0.245020583,-0.103437506,0,0,0,0,-1,0,489.908722,0.0315088
5737693400,71.042935999998008,0.711774766,-17.44924,-72.18651,-0.122306079,-0.0128729455,-0.0520979725,0.9910406,0.00740158,0.7670901,0.00122246,0.0205643177,0.245020583,-0.103437506,0,0,0,0,-1,0,532.4015,0.0007464
5764882400,71.070124699996086,0.711225867,-20.4819527,-72.26067,-0.122306079,-0.0128729455,-0.0520979725,0.9910406,0.00740158,0.7344479,-0.0215967931,0.0231210571,0.283371657,-0.091932185,0,0,0,0,-1,0,507.6204,0.027189
5797356400,71.102598500001477,0.7099596,-24.2185287,-72.43175,-0.13001661,-0.0137459422,-0.0468270481,0.99031,0.00740158,0.6973175,-0.047268454,0.0243994258,0.3281146,-0.08426197,0,0,0,0,-1,0,483.779053,0.032474
5798102900,71.103345700001228,0.709931433,-24.338541,-72.4355545,-0.1394845,-0.0142084844,-0.04345922,0.989168167,0.00740158,0.6960934,-0.0480834246,0.0243994258,0.32939297,-0.08426197,0,0,0,0,-1,0,526.569336,0.00074650000000000009
5837035500,71.142277199993259,0.714594245,-28.7483788,-71.80559,-0.1397138,-0.014215881,-0.0434695669,0.989135265,0.00740158,0.652026534,-0.0709026754,0.0269561652,0.375414252,-0.07275665,0,0,0,0,-1,0,501.525146,0.038932600000000005
5837728400,71.142971099994611,0.714594245,-28.7483788,-71.80559,-0.15121904,-0.0149955507,-0.0383677073,0.987641633,0.00740158,0.652026534,-0.0709026754,0.0269561652,0.375414252,-0.07275665,0,0,0,0,-1,0,548.6094,0.00069290000000000009
5870557100,71.175799399992684,0.7197555,-32.18648,-71.10829,-0.15121904,-0.0149955507,-0.0383677073,0.987641633,0.00740158,0.618568361,-0.0855722,0.0307912733,0.406095117,-0.0586945862,0,0,0,0,-1,0,522.701965,0.0328287
5898630800,71.20387299999129,0.723451555,-35.33628,-70.60893,-0.159170434,-0.0159565657,-0.032119792,0.986599445,0.00740158,0.5883744,-0.09901926,0.0333480127,0.429105759,-0.0484676249,0,0,0,0,-1,0,498.3479,0.0280737
5899437200,71.204679599992232,0.723721266,-35.4667358,-70.57249,-0.1639373,-0.0164224636,-0.0276428461,0.9859467,0.00740158,0.5871503,-0.09942675,0.0333480127,0.429105759,-0.0484676249,0,0,0,0,-1,0,535.434448,0.00080640000000000009
5931333500,71.236575499991886,0.7678943,-39.4919548,-70.06504,-0.1637365,-0.0164165888,-0.0276476759,0.98598,0.007812778,0.5492038,-0.1161337,0.03718312,0.454673171,-0.03824067,0,0,0,0,-1,0,510.230316,0.0318963
5932231500,71.237473799992586,0.76771605,-39.6185951,-70.08785,-0.168154418,-0.0172065776,-0.02341907,0.985332251,0.007812778,0.5479798,-0.116948672,0.03718312,0.4559515,-0.0369623,0,0,0,0,-1,0,540.3981,0.000898
5967374400,71.272616599992034,0.810937464,-43.7961349,-69.74574,-0.168393821,-0.0170979723,-0.0228063017,0.9853076,0.008223978,0.5092172,-0.13406311,0.0435749665,0.484075665,-0.0267353468,0,0,0,0,-1,0,514.8009,0.035142900000000005
6007988400,71.313230500003556,0.774059236,-44.9175148,-69.27597,-0.173859924,-0.0190308336,-0.0190712567,0.9844018,0.007812778,0.4994246,-0.135285571,0.0563586652,0.4904675,-0.007559807,0,0,0,0,-1,0,490.291962,0.040614000000000004
6008830300,71.314072699999087,0.774059236,-44.9175148,-69.27597,-0.176533222,-0.0236315653,-0.0117017478,0.9839414,0.007812778,0.4994246,-0.135285571,0.0563586652,0.4904675,-0.007559807,0,0,0,0,-1,0,525.1669,0.0008419
6033665600,71.33890760000213,0.775851667,-45.52465,-69.04655,-0.176533222,-0.0236315653,-0.0117017478,0.9839414,0.007812778,0.49412024,-0.136100546,0.0614721365,0.486632377,-0.00116796058,0,0,0,0,-1,0,500.921783,0.0248353
6034423500,71.339666100000613,0.775851667,-45.52465,-69.04655,-0.174308136,-0.0255103949,-0.009308728,0.984316647,0.007812778,0.49412024,-0.136100546,0.0614721365,0.485354036,-0.00116796058,0,0,0,0,-1,0,541.8475,0.0007579
6066547900,71.37178970000241,0.779122,-46.0262146,-68.6279755,-0.173679,-0.0255156066,-0.009292547,0.984427869,0.007812778,0.490039974,-0.134878084,0.0678639859,0.476405472,0.00266714743,0,0,0,0,-1,0,516.3115,0.032124400000000004
6132818300,71.438060200001928,0.630041361,-50.27775,-66.20423,-0.169913575,-0.0282790065,-0.008231247,0.9850188,0.006167983,0.454541653,-0.132840648,0.07681257,0.4981377,0.0205643177,0,0,0,0,-1,0,491.250427,0.066270400000000007
6133536200,71.438778900002944,0.6303736,-50.284935,-66.1503754,-0.1818712,-0.031602826,-0.00124882918,0.982813656,0.006167983,0.454541653,-0.132433161,0.07681257,0.499416083,0.0205643177,0,0,0,0,-1,0,536.3355,0.0007179
6180971200,71.486213199998019,0.476862758,-50.44326,-62.92446,-0.182699427,-0.0315895937,-0.00126373954,0.9826604,0.004523188,0.4565818,-0.107168987,0.08320442,0.5147565,0.04101823,0,0,0,0,-1,0,510.5728,0.047435000000000005
6181641000,71.486883699995815,0.477242976,-50.40601,-62.8404045,-0.202963322,-0.0332272463,0.00780204963,0.9785914,0.004523188,0.456989825,-0.106354021,0.08320442,0.5147565,0.04101823,0,0,0,0,-1,0,559.6933,0.0006698
6196468400,71.501709299991489,0.4803087,-50.0131073,-62.1626244,-0.203361958,-0.0332244262,0.007817391,0.9785086,0.004523188,0.4610701,-0.09942675,0.08448278,0.512199759,0.046131704,0,0,0,0,-1,0,535.08075,0.014827400000000001
6244614600,71.549856600002386,0.3073263,-49.8378448,-61.5801735,-0.205593109,-0.0333249047,0.0103087993,0.9780158,0.002878392,0.4631102,-0.09412942,0.08703953,0.499416083,0.0499668121,0,0,0,0,-1,0,509.3652,0.0481462
6245541000,71.5507832000003,0.263422638,-49.8378448,-61.58006,-0.2020282,-0.03515988,0.01201851,0.97867465,0.00246719341,0.4631102,-0.09412942,0.08703953,0.499416083,0.0499668121,0,0,0,0,-1,0,537.8693,0.00092640000000000007
6283751300,71.588993800003664,-0.3048406,-50.1698036,-62.44374,-0.202030689,-0.0353610925,0.0119769815,0.9786674,-0.002878392,0.459437966,-0.102279149,0.08703953,0.4943026,0.0474100746,0,0,0,0,-1,0,512.2844,0.0382103
6284364100,71.589606800000183,-0.3048406,-50.1698036,-62.44374,-0.195520371,-0.0383714549,0.01016328,0.979896,-0.002878392,0.459437966,-0.102279149,0.08576115,0.4943026,0.0474100746,0,0,0,0,-1,0,568.2629,0.0006128
6308244400,71.613486499991268,-0.73612535,-50.61526,-63.04625,-0.1955116,-0.0377611369,0.0103515461,0.9799195,-0.006990381,0.454949677,-0.108798936,0.08064768,0.4943026,0.03973986,0,0,0,0,-1,0,541.9435,0.0238803
6335284400,71.640526699993643,-0.860399,-50.67717,-63.731575,-0.192156985,-0.03811096,0.00684261,0.9806001,-0.008223978,0.4537256,-0.114503749,0.0755342,0.499416083,0.0333480127,0,0,0,0,-1,0,516.695435,0.02704
6336024300,71.641266499995254,-0.8599551,-50.67095,-63.7855568,-0.191726118,-0.0368344858,0.004157912,0.980748236,-0.008223978,0.4537256,-0.114911236,0.0755342,0.499416083,0.0333480127,0,0,0,0,-1,0,558.4374,0.0007399
6369206000,71.674448099991423,-1.06298065,-50.5774727,-64.95057,-0.1915263,-0.03683565,0.004152047,0.9807873,-0.0102799721,0.453317583,-0.123875946,0.07169909,0.5070863,0.028234534,0,0,0,0,-1,0,532.022339,0.0331817
6370084700,71.675327099990682,-1.06242645,-50.5707474,-65.00449,-0.190786079,-0.0364255235,0.001749252,0.980954051,-0.0102799721,0.453317583,-0.124283433,0.07169909,0.5070863,0.028234534,0,0,0,0,-1,0,562.3235,0.0008787
6408075700,71.713317599991569,-1.33400273,-51.0860634,-66.9752655,-0.190586165,-0.0364262722,0.00174388674,0.980992854,-0.0131583642,0.446381122,-0.142212838,0.0665856153,0.517313242,0.0205643177,0,0,0,0,-1,0,535.523438,0.037991000000000004
6439420400,71.7446626000019,-1.31092811,-52.554245,-68.728775,-0.186654732,-0.03603537,-0.0019102724,0.9817626,-0.0131583642,0.4308761,-0.162179708,0.0601937659,0.5313753,0.0116157327,0,0,0,0,-1,0,510.342438,0.0313447
6440245200,71.745487799998955,-1.30981588,-52.5860939,-68.81329,-0.1835957,-0.03369913,-0.00572873047,0.982407331,-0.0131583642,0.430468082,-0.162994668,0.0601937659,0.5326537,0.0116157327,0,0,0,0,-1,0,545.446045,0.0008248000000000001
6470533700,71.775775499991141,-1.24687862,-54.5718422,-70.5391541,-0.183823034,-0.0336867943,-0.005760088,0.982365131,-0.0127471657,0.410066754,-0.184591457,0.0576370321,0.555664361,0.005223886,0,0,0,0,-1,0,519.8245,0.030288500000000003
6471242500,71.776485199996387,-1.24606943,-54.65167,-70.60262,-0.184412956,-0.03264269,-0.009032677,0.9822652,-0.0127471657,0.409250736,-0.185406432,0.0576370321,0.5569427,0.005223886,0,0,0,0,-1,0,564.375061,0.0007088
6501014700,71.806256600000779,-1.22119927,-56.7423134,-72.55356,-0.184640408,-0.0326309055,-0.009062354,0.9822225,-0.0127471657,0.387217253,-0.209040657,0.0563586652,0.5863452,0.00266714743,0,0,0,0,-1,0,537.835754,0.029772200000000002
6531594400,71.836836499991477,-1.27480853,-59.2806244,-74.40959,-0.187430218,-0.0319842137,-0.0107976077,0.981697738,-0.0135695636,0.361103565,-0.233082369,0.0525235534,0.614469349,-0.0050030686,0,0,0,0,-1,0,512.579041,0.0305797
6532324400,71.837566999995033,-1.27415526,-59.40822,-74.45774,-0.18931973,-0.031068556,-0.0145378616,0.9813162,-0.0135695636,0.3598795,-0.233897343,0.0525235534,0.6157477,-0.0050030686,0,0,0,0,-1,0,555.443237,0.00073000000000000007
6573685200,71.878927300000214,-1.19674945,-63.96903,-77.40554,-0.189547017,-0.0310575236,-0.0145643437,0.98127234,-0.0131583642,0.313364446,-0.272608578,0.0448533371,0.654098749,-0.01906513,0,0,0,0,-1,0,528.879944,0.0413608
6574503800,71.879746199992951,-1.19534481,-64.08035,-77.5122757,-0.189211428,-0.028322963,-0.0206247941,0.9813111,-0.0131583642,0.312140375,-0.27383104,0.046131704,0.65537715,-0.01906513,0,0,0,0,-1,0,563.515869,0.00081860000000000006
6603479200,71.9087215000036,-1.04845858,-65.94927,-80.4314,-0.189228654,-0.0288817454,-0.0209361147,0.9812849,-0.0119247679,0.288474828,-0.303985059,0.04101823,0.679666162,-0.03824067,0,0,0,0,-1,0,537.0657,0.028975400000000002
6633029500,71.938271599996369,-0.917163968,-66.8170853,-82.56623,-0.186145872,-0.0274968389,-0.0295719951,0.981692,-0.0106911715,0.27500993,-0.324766874,0.0333480127,0.683501244,-0.0676431656,0,0,0,0,-1,0,511.904419,0.0295503
6633912500,71.939155200001551,-0.916062951,-66.78237,-82.6692047,-0.177563027,-0.0258769412,-0.0422671735,0.9828608,-0.0106911715,0.27500993,-0.325581849,0.0333480127,0.683501244,-0.0676431656,0,0,0,0,-1,0,542.9343,0.0008830000000000001
6675935100,71.981177199995727,-0.6485112,-67.83174,-85.34522,-0.177162483,-0.0258604884,-0.042273432,0.982933164,-0.007812778,0.25787282,-0.351661,0.0256777983,0.684779644,-0.100880772,0,0,0,0,-1,0,516.9774,0.0420226
6676725700,71.9819681999943,-0.6485112,-67.83174,-85.34522,-0.16478321,-0.0233426839,-0.05671258,0.9844214,-0.007812778,0.25787282,-0.351661,0.0256777983,0.684779644,-0.100880772,0,0,0,0,-1,0,554.371643,0.0007906
6707267900,72.012510000000475,-0.302038342,-68.3088455,-86.73581,-0.16478321,-0.0233426839,-0.05671258,0.9844214,-0.00370079,0.249304265,-0.365108043,0.0218426883,0.6950066,-0.12261305,0,0,0,0,-1,0,528.290161,0.030542200000000002
6737867100,72.043109299993375,0.09854151,-65.3723755,-88.4685745,-0.163184389,-0.02128565,-0.06624614,0.984138846,0.0012335967,0.268889546,-0.373665273,0.00138877821,0.8075031,-0.118777938,0,0,0,0,-1,0,503.509674,0.030599200000000003
6738656900,72.0438995000004,0.09854151,-65.3723755,-88.4685745,-0.214843959,-0.0127487658,-0.0582165755,0.974828362,0.0012335967,0.268889546,-0.373665273,0.00138877821,0.8075031,-0.118777938,0,0,0,0,-1,0,541.641357,0.0007898
6768279400,72.073521600003,0.06512443,-65.14512,-89.1615448,-0.214843959,-0.0127487658,-0.0582165755,0.974828362,0.000822397764,0.268481523,-0.379370064,0.00266714743,0.8241219,-0.09704567,0,0,0,0,-1,0,516.2472,0.029622500000000003
6769081600,72.074320200001239,0.06512443,-65.14512,-89.1615448,-0.220254317,-0.0113948332,-0.0479728468,0.9741955,0.000822397764,0.268481523,-0.379370064,0.00266714743,0.8254003,-0.09576729,0,0,0,0,-1,0,552.7634,0.00080220000000000009
6810140600,72.1153828999959,0.0319910273,-65.14138,-90.5506,-0.220884144,-0.0112834619,-0.04734384,0.974085,0.000411198882,0.2635852,-0.392002165,0.003945517,0.8535244,-0.0459108874,0,0,0,0,-1,0,526.343,0.041059000000000005
6839208300,72.144450399995549,-0.032867983,-65.3922,-88.41792,-0.228625908,-0.006651761,-0.02344831,0.973209262,-0.000411198882,0.268889546,-0.373257816,0.00138877821,0.8138949,-0.0050030686,0,0,0,0,-1,0,501.746,0.029067700000000002
6840074000,72.145316399997682,-0.032867983,-65.3922,-88.41792,-0.218537778,-0.00132292358,-0.002874386,0.9758234,-0.000411198882,0.268889546,-0.373257816,0.00138877821,0.8151734,-0.00372469914,0,0,0,0,-1,0,534.4154,0.00086570000000000006
6869294900,72.174537300001248,0,-65.31472,-89.20489,-0.219162256,-0.00118412194,-0.00225089327,0.9756851,0,0.2668494,-0.380185038,-0.00244633,0.8305137,0.0256777983,0,0,0,0,-1,0,509.405731,0.0292209
6870080600,72.175323000003118,0,-65.31472,-89.20489,-0.2232351,0.00387214473,0.0132104438,0.9746675,0,0.2668494,-0.380185038,-0.00244633,0.8305137,0.0269561652,0,0,0,0,-1,0,547.572937,0.00078570000000000007
6899328600,72.204570999994758,0.227353215,-65.39138,-89.36404,-0.223232582,0.004014834,0.0138334325,0.974658847,0.002878392,0.265625328,-0.381815,-0.0101165464,0.8420191,0.046131704,0,0,0,0,-1,0,521.9038,0.029248000000000003
6941214000,72.246455599990441,0,-65.51071,-88.1142,-0.227881089,0.0108003449,0.02568852,0.973290145,0,0.268889546,-0.370812863,-0.006281438,0.8011112,0.0614721365,0,0,0,0,-1,0,497.00235,0.0418854
6942026900,72.247269200001028,0,-65.51071,-88.1142,-0.213310912,0.009176418,0.0317585468,0.976425,0,0.268889546,-0.370812863,-0.006281438,0.8011112,0.0614721365,0,0,0,0,-1,0,533.6604,0.00081290000000000008
6990759300,72.296001199996681,0,-65.61564,-88.08533,-0.213310912,0.009176418,0.0317585468,0.976425,0,0.2680735,-0.370812863,-0.0113949152,0.803667963,0.0678639859,0,0,0,0,-1,0,508.0034,0.0487324
6991579300,72.296821900003124,0,-65.61564,-88.08533,-0.214453965,0.0120253274,0.0362884365,0.975985646,0,0.2680735,-0.370812863,-0.0113949152,0.803667963,0.0678639859,0,0,0,0,-1,0,543.578857,0.00082000000000000009
7001250600,72.306492899995646,0,-65.61564,-88.08533,-0.214453965,0.0120253274,0.0362884365,0.975985646,0,0.2680735,-0.370812863,-0.0126732849,0.803667963,0.0678639859,0,0,0,0,-1,0,521.5698,0.0096713
7048229700,72.35347190000175,-0.131923825,-65.4058151,-88.14326,-0.214435041,0.0125570856,0.0366422236,0.97597,-0.00164479553,0.2697056,-0.370812863,-0.00116796058,0.7985545,0.08576115,0,0,0,0,-1,0,496.555634,0.0469791
7049118400,72.354360199999064,-0.131923825,-65.4058151,-88.14326,-0.212062731,0.008781974,0.0420384221,0.9763119,-0.00164479553,0.2697056,-0.370812863,-0.00116796058,0.7998329,0.08576115,0,0,0,0,-1,0,527.9898,0.00088870000000000008
7083755800,72.388997899994138,-0.13185212,-65.24851,-88.1868439,-0.212686777,0.008808655,0.0420324,0.976176262,-0.00164479553,0.270929664,-0.370812863,-0.00244633,0.8062247,0.11132855,0,0,0,0,-1,0,503.033844,0.0346374
7084413800,72.389656600003946,-0.13185212,-65.24851,-88.1868439,-0.215644166,0.0122308219,0.0548228957,0.9748552,-0.00164479553,0.270929664,-0.370812863,-0.00244633,0.8062247,0.112606913,0,0,0,0,-1,0,553.87,0.00065800000000000006
7122499000,72.427741299994523,0,-65.51071,-88.1142,-0.215636283,0.0123686567,0.0554459728,0.974819839,0,0.268889546,-0.370812863,0.000110408779,0.797276139,0.133060813,0,0,0,0,-1,0,527.4893,0.0380852
7148782200,72.454023799989955,0,-65.51071,-88.1142,-0.211154357,0.0140227964,0.06494531,0.975192,0,0.268889546,-0.370812863,0.000110408779,0.8011112,0.140731037,0,0,0,0,-1,0,503.0172,0.026283200000000003
7149730000,72.454972499996074,0,-65.51071,-88.1142,-0.212968022,0.0149642788,0.0686560646,0.9745292,0,0.268889546,-0.370812863,0.000110408779,0.8011112,0.140731037,0,0,0,0,-1,0,530.6201,0.0009478
7159725800,72.464968100000988,0,-65.51071,-88.1142,-0.212968022,0.0149642788,0.0686560646,0.9745292,0,0.268889546,-0.370812863,0.000110408779,0.8023897,0.1420094,0,0,0,0,-1,0,509.091217,0.0099958
7160446700,72.465689099990414,0,-65.51071,-88.1142,-0.213581383,0.0151447281,0.06926923,0.9743487,0,0.268889546,-0.370812863,0.000110408779,0.8011112,0.1420094,0,0,0,0,-1,0,552.9944,0.0007209
7186344900,72.4915869999968,0,-65.51071,-88.1142,-0.21295847,0.0151004037,0.0692789257,0.9744851,0,0.268889546,-0.370812863,0.000110408779,0.8023897,0.1432878,0,0,0,0,-1,0,527.2753,0.025898200000000003
7237786300,72.543028500003857,0,-65.56317,-88.09975,-0.213571578,0.0152812311,0.0698919743,0.974304259,0,0.268481523,-0.370812863,0.00138877821,0.793441057,0.1432878,0,0,0,0,-1,0,501.883545,0.051441400000000005
7238553900,72.543796400001156,0,-65.56317,-88.09975,-0.209248334,0.0144355595,0.06960954,0.97527504,0,0.268481523,-0.370812863,0.00266714743,0.792162657,0.1432878,0,0,0,0,-1,0,541.9275,0.0007676
7271114300,72.576356599995052,0,-65.64177,-87.8971,-0.208663061,0.0138578014,0.069269225,0.975432932,0,0.268481523,-0.3691829,0.00650225533,0.7832141,0.144566149,0,0,0,0,-1,0,516.3667,0.0325604
7271825700,72.577068400001735,0,-65.64177,-87.8971,-0.205199137,0.0121249836,0.06891111,0.976215959,0,0.268481523,-0.3691829,0.00650225533,0.7819357,0.144566149,0,0,0,0,-1,0,560.832336,0.0007114
7295766200,72.601008400000865,-0.03316552,-65.72004,-87.6943359,-0.205199137,0.0121249836,0.06891111,0.976215959,-0.000411198882,0.268481523,-0.367552966,0.00650225533,0.775543869,0.145844519,0,0,0,0,-1,0,534.8792,0.0239405
7331419800,72.636661999989883,0.03301964,-65.5828552,-88.04911,-0.2022576,0.0118317194,0.06955105,0.9767879,0.000411198882,0.268481523,-0.3704054,-0.00372469914,0.789606,0.14712289,0,0,0,0,-1,0,509.537628,0.0356536
7332247100,72.637489400003687,0.03301964,-65.5828552,-88.04911,-0.207376435,0.01704613,0.07294699,0.9753888,0.000411198882,0.268481523,-0.3704054,-0.00372469914,0.789606,0.14712289,0,0,0,0,-1,0,544.4983,0.00082730000000000011
7369490200,72.67473240000254,0.165216431,-65.79274,-87.99171,-0.207376435,0.01704613,0.07294699,0.9753888,0.00205599447,0.2668494,-0.3704054,-0.0126732849,0.7781006,0.14712289,0,0,0,0,-1,0,518.6159,0.0372431
7370159300,72.675401999993483,0.198259667,-65.79274,-87.99178,-0.2014186,0.0211874712,0.07561181,0.976352632,0.00246719341,0.2668494,-0.3704054,-0.0126732849,0.7781006,0.14712289,0,0,0,0,-1,0,567.412354,0.00066910000000000005
7405015300,72.7102573000011,0.231302857,-65.79274,-87.9918747,-0.201403111,0.0213882048,0.075653255,0.9763483,0.002878392,0.2668494,-0.3704054,-0.0177867617,0.7729872,0.14712289,0,0,0,0,-1,0,540.4762,0.034856000000000005
7430588500,72.7358305999951,0,-65.51071,-88.1142,-0.198725313,0.0235582218,0.0770932138,0.97673434,0,0.268889546,-0.370812863,0.000110408779,0.7947194,0.14712289,0,0,0,0,-1,0,515.407532,0.0255732
7431381500,72.736624199998914,0,-65.51071,-88.1142,-0.209804341,0.0154151907,0.071820125,0.974980235,0,0.268889546,-0.370812863,0.000110408779,0.7947194,0.14712289,0,0,0,0,-1,0,552.688843,0.00079300000000000009
7464914600,72.77015689999098,0,-65.51071,-88.1142,-0.209804341,0.0154151907,0.071820125,0.974980235,0,0.268889546,-0.370812863,-0.00116796058,0.793441057,0.14712289,0,0,0,0,-1,0,526.5455,0.0335331
7465593500,72.770836199997575,0,-65.51071,-88.1142,-0.209141821,0.0159017034,0.07218052,0.97508806,0,0.268889546,-0.370812863,-0.00116796058,0.793441057,0.14712289,0,0,0,0,-1,0,573.86676,0.00067890000000000008
7503691200,72.80893329999526,0,-65.51071,-88.1142,-0.209141821,0.0159017034,0.07218052,0.97508806,0,0.268889546,-0.370812863,-0.00116796058,0.792162657,0.14712289,0,0,0,0,-1,0,546.48584,0.038097700000000005
7537774600,72.843016699989676,0,-65.51071,-88.1142,-0.20851849,0.015855981,0.07219001,0.9752217,0,0.268889546,-0.370812863,-0.00244633,0.792162657,0.14712289,0,0,0,0,-1,0,520.62854,0.0340834
7538589300,72.843831999998656,0,-65.51071,-88.1142,-0.2084791,0.016388651,0.07254013,0.9751953,0,0.268889546,-0.370812863,-0.00244633,0.792162657,0.14712289,0,0,0,0,-1,0,555.9694,0.0008147
7598062000,72.903304299994488,0,-65.51071,-88.1142,-0.2084791,0.016388651,0.07254013,0.9751953,0,0.268889546,-0.370812863,-0.00244633,0.792162657,0.14712289,0,0,0,0,-1,0,529.011658,0.0594727
7598793600,72.904036199994152,0,-65.51071,-88.1142,-0.2084791,0.016388651,0.07254013,0.9751953,0,0.268889546,-0.370812863,-0.00244633,0.792162657,0.14712289,0,0,0,0,-1,0,570.9044,0.0007316
7623029500,72.928271700002369,0,-65.51071,-88.1142,-0.2084791,0.016388651,0.07254013,0.9751953,0,0.268889546,-0.370812863,-0.00244633,0.792162657,0.14712289,0,0,0,0,-1,0,544.422241,0.0242359
7662589200,72.967831399990246,0,-65.51071,-88.1142,-0.2084791,0.016388651,0.07254013,0.9751953,0,0.268889546,-0.370812863,-0.00244633,0.792162657,0.14712289,0,0,0,0,-1,0,518.465,0.0395597
7663395800,72.968638099991949,0,-65.51071,-88.1142,-0.2084791,0.016388651,0.07254013,0.9751953,0,0.268889546,-0.370812863,-0.00244633,0.792162657,0.145844519,0,0,0,0,-1,0,554.5304,0.00080660000000000009
7693826300,72.999063499999465,0,-65.51071,-88.1142,-0.208489582,0.016255388,0.07191673,0.9752415,0,0.268889546,-0.370812863,-0.00244633,0.792162657,0.145844519,0,0,0,0,-1,0,528.44696,0.030430500000000003
7694583600,72.999826300001587,0,-65.51071,-88.1142,-0.208489582,0.016255388,0.07191673,0.9752415,0,0.268889546,-0.370812863,-0.00244633,0.792162657,0.145844519,0,0,0,0,-1,0,568.048645,0.0007573
7736764600,73.042006799994851,0,-65.51071,-88.1142,-0.208489582,0.016255388,0.07191673,0.9752415,0,0.268889546,-0.370812863,-0.00244633,0.792162657,0.144566149,0,0,0,0,-1,0,540.8316,0.042181
7776861000,73.0821028999926,0,-65.51071,-88.1142,-0.208499908,0.016122127,0.0712934062,0.975287259,0,0.268889546,-0.370812863,-0.00116796058,0.792162657,0.144566149,0,0,0,0,-1,0,515.037048,0.040096400000000004
7777629500,73.0828720999998,0,-65.51071,-88.1142,-0.208538592,0.0155893946,0.07094327,0.975313067,0,0.268889546,-0.370812863,-0.00244633,0.792162657,0.145844519,0,0,0,0,-1,0,554.347,0.00076850000000000009
7821754600,73.126996699997107,0,-65.51071,-88.1142,-0.208489582,0.016255388,0.07191673,0.9752415,0,0.268889546,-0.370812863,-0.00116796058,0.792162657,0.145844519,0,0,0,0,-1,0,527.762756,0.0441251
7822557900,73.127800599992042,0,-65.51071,-88.1142,-0.208528623,0.01572269,0.071566686,0.975267649,0,0.268889546,-0.370812863,-0.00116796058,0.792162657,0.145844519,0,0,0,0,-1,0,563.617859,0.00080330000000000006
7834536200,73.139778900003876,0,-65.51071,-88.1142,-0.208528623,0.01572269,0.071566686,0.975267649,0,0.268889546,-0.370812863,-0.00116796058,0.792162657,0.145844519,0,0,0,0,-1,0,539.6112,0.0119783
7860555500,73.165797499998,0,-65.51071,-88.1142,-0.208528623,0.01572269,0.071566686,0.975267649,0,0.268889546,-0.370812863,-0.00116796058,0.792162657,0.145844519,0,0,0,0,-1,0,514.5523,0.026019300000000002
7861288200,73.16653079999378,0,-65.51071,-88.1142,-0.208528623,0.01572269,0.071566686,0.975267649,0,0.268889546,-0.370812863,-0.00116796058,0.792162657,0.145844519,0,0,0,0,-1,0,557.0654,0.00073270000000000008
7896854400,73.202096699998947,0,-65.51071,-88.1142,-0.208528623,0.01572269,0.071566686,0.975267649,0,0.268889546,-0.370812863,-0.00116796058,0.792162657,0.145844519,0,0,0,0,-1,0,530.618,0.0355662
7897656100,73.202898699993966,0,-65.51071,-88.1142,-0.208528623,0.01572269,0.071566686,0.975267649,0,0.268889546,-0.370812863,-0.00116796058,0.792162657,0.145844519,0,0,0,0,-1,0,566.4545,0.0008017
